S.No.,College,Role,City type,Previous CTC,Previous job changes,Graduation marks,Exp (Months),CTC
1,Tier 1,Manager,Non-Metro,"55,523.00",3,66,19,"71,406.58"
2,Tier 2,Executive,Metro,"57,081.00",1,84,18,"68,005.87"
3,Tier 2,Executive,Metro,"60,347.00",2,52,28,"76,764.02"
4,Tier 3,Executive,Metro,"49,010.00",2,81,33,"82,092.39"
5,Tier 3,Executive,Metro,"57,879.00",4,74,32,"73,878.10"
6,Tier 2,Executive,Non-Metro,"54,340.00",4,73,31,"59,950.89"
7,Tier 2,Executive,Non-Metro,"60,298.00",1,42,46,"66,602.34"
8,Tier 3,Executive,Non-Metro,"49,944.00",2,56,37,"57,768.44"
9,Tier 1,Executive,Metro,"53,124.00",4,40,37,"70,083.30"
10,Tier 3,Executive,Non-Metro,"51,141.00",1,47,60,"85,648.48"
11,Tier 1,Executive,Metro,"49,497.00",1,50,25,"74,914.15"
12,Tier 2,Manager,Non-Metro,"50,197.00",2,66,62,"85,219.39"
13,Tier 1,Executive,Metro,"63,234.00",4,73,23,"82,910.94"
14,Tier 2,Executive,Non-Metro,"60,059.00",2,71,56,"74,350.08"
15,Tier 2,Manager,Metro,"66,487.00",1,50,27,"1,03,595.83"
16,Tier 1,Executive,Metro,"49,292.00",4,49,19,"70,729.63"
17,Tier 1,Executive,Non-Metro,"55,400.00",4,48,52,"70,051.94"
18,Tier 1,Executive,Metro,"53,089.00",2,72,23,"69,403.49"
19,Tier 1,Executive,Metro,"69,345.00",3,79,56,"84,710.53"
20,Tier 1,Manager,Metro,"63,508.00",1,48,30,"95,879.94"
21,Tier 1,Executive,Non-Metro,"60,057.00",1,61,60,"73,487.13"
22,Tier 1,Executive,Non-Metro,"52,402.00",3,35,30,"61,597.98"
23,Tier 2,Executive,Metro,"60,180.00",2,68,18,"63,119.80"
24,Tier 1,Manager,Non-Metro,"53,422.00",4,44,34,"98,586.83"
25,Tier 3,Executive,Metro,"49,857.00",3,37,37,"71,502.56"
26,Tier 2,Executive,Non-Metro,"48,682.00",3,82,59,"64,320.67"
27,Tier 1,Executive,Non-Metro,"48,516.00",2,37,63,"77,310.22"
28,Tier 3,Executive,Non-Metro,"54,363.00",3,44,55,"74,825.20"
29,Tier 3,Executive,Metro,"39,636.00",3,43,23,"59,230.44"
30,Tier 1,Manager,Metro,"65,172.00",1,44,31,"1,07,138.14"
31,Tier 1,Manager,Metro,"58,529.00",1,65,22,"1,02,763.61"
32,Tier 1,Executive,Non-Metro,"50,011.00",2,72,18,"69,764.49"
33,Tier 1,Executive,Non-Metro,"50,020.00",4,75,19,"59,889.14"
34,Tier 3,Executive,Metro,"55,764.00",2,64,63,"82,356.41"
35,Tier 1,Manager,Metro,"60,894.00",4,80,28,"1,18,651.89"
36,Tier 3,Executive,Metro,"42,259.00",4,37,19,"66,762.27"
37,Tier 3,Executive,Non-Metro,"59,978.00",2,75,62,"79,454.74"
38,Tier 1,Executive,Metro,"47,129.00",1,41,26,"66,079.85"
39,Tier 1,Manager,Metro,"57,485.00",1,77,35,"1,03,774.34"
40,Tier 1,Manager,Metro,"62,593.00",3,71,60,"1,12,716.44"
41,Tier 1,Executive,Non-Metro,"48,913.00",3,41,24,"62,819.16"
42,Tier 2,Executive,Non-Metro,"66,101.00",4,81,31,"55,470.55"
43,Tier 2,Executive,Metro,"49,622.00",2,73,41,"69,510.05"
44,Tier 2,Executive,Non-Metro,"59,386.00",4,46,37,"68,064.76"
45,Tier 1,Executive,Metro,"66,050.00",1,35,38,"69,116.93"
46,Tier 1,Executive,Metro,"59,492.00",1,69,55,"86,354.84"
47,Tier 1,Executive,Non-Metro,"61,134.00",3,72,18,"60,456.69"
48,Tier 3,Executive,Non-Metro,"61,956.00",4,54,28,"71,791.28"
49,Tier 2,Executive,Non-Metro,"46,086.00",4,50,60,"67,626.89"
50,Tier 2,Manager,Metro,"61,481.00",3,79,36,"99,794.40"
51,Tier 1,Executive,Non-Metro,"55,727.00",3,79,18,"70,350.79"
52,Tier 3,Executive,Non-Metro,"61,576.00",2,73,21,"58,818.77"
53,Tier 1,Manager,Metro,"57,563.00",1,64,48,"86,487.58"
54,Tier 2,Manager,Metro,"58,288.00",3,84,36,"92,378.50"
55,Tier 3,Executive,Non-Metro,"55,282.00",3,60,40,"73,281.55"
56,Tier 3,Manager,Metro,"66,624.00",1,63,58,"1,10,438.17"
57,Tier 1,Executive,Non-Metro,"59,443.00",3,52,58,"67,485.10"
58,Tier 2,Manager,Metro,"51,937.00",3,64,18,"92,518.37"
59,Tier 2,Manager,Non-Metro,"46,477.00",3,37,53,"72,977.63"
60,Tier 3,Executive,Non-Metro,"62,470.00",3,60,34,"64,770.75"
61,Tier 1,Executive,Metro,"51,123.00",2,52,43,"74,845.87"
62,Tier 2,Executive,Metro,"56,301.00",3,58,25,"59,913.31"
63,Tier 3,Executive,Metro,"46,670.00",1,69,64,"95,961.18"
64,Tier 3,Executive,Non-Metro,"54,375.00",2,82,28,"60,766.38"
65,Tier 3,Manager,Non-Metro,"45,227.00",4,40,20,"69,193.96"
66,Tier 1,Executive,Non-Metro,"50,787.00",4,81,19,"66,433.40"
67,Tier 1,Executive,Non-Metro,"62,919.00",3,42,61,"73,410.95"
68,Tier 3,Executive,Metro,"51,770.00",3,45,40,"68,447.63"
69,Tier 2,Executive,Non-Metro,"60,123.00",1,47,40,"60,185.40"
70,Tier 2,Manager,Metro,"51,002.00",4,41,28,"76,765.02"
71,Tier 2,Manager,Non-Metro,"46,940.00",1,69,27,"70,157.03"
72,Tier 1,Executive,Metro,"49,905.00",4,66,31,"75,297.34"
73,Tier 1,Executive,Non-Metro,"51,505.00",2,55,53,"76,960.48"
74,Tier 2,Executive,Metro,"52,474.00",3,79,58,"76,204.89"
75,Tier 1,Executive,Metro,"49,172.00",2,57,44,"63,782.20"
76,Tier 3,Executive,Metro,"56,916.00",3,42,57,"69,415.11"
77,Tier 2,Executive,Non-Metro,"59,386.00",1,38,29,"64,472.36"
78,Tier 2,Executive,Metro,"55,748.00",3,84,21,"60,815.42"
79,Tier 1,Executive,Non-Metro,"65,574.00",2,83,22,"55,902.83"
80,Tier 3,Executive,Non-Metro,"58,541.00",4,79,41,"64,468.29"
81,Tier 1,Executive,Metro,"50,672.00",4,79,31,"76,093.36"
82,Tier 1,Executive,Non-Metro,"68,071.00",1,70,45,"81,430.49"
83,Tier 2,Manager,Metro,"58,815.00",4,71,22,"1,06,165.08"
84,Tier 3,Executive,Non-Metro,"62,493.00",3,74,48,"67,374.71"
85,Tier 1,Manager,Non-Metro,"60,182.00",4,59,37,"1,03,574.45"
86,Tier 3,Manager,Metro,"42,941.00",1,49,45,"74,191.43"
87,Tier 3,Manager,Non-Metro,"55,505.00",2,40,57,"1,00,887.85"
88,Tier 1,Executive,Non-Metro,"54,114.00",3,82,56,"78,715.16"
89,Tier 3,Executive,Non-Metro,"57,670.00",1,41,46,"70,686.71"
90,Tier 3,Executive,Non-Metro,"54,361.00",2,68,55,"73,231.75"
91,Tier 2,Executive,Non-Metro,"67,083.00",4,39,21,"66,296.73"
92,Tier 3,Executive,Non-Metro,"52,483.00",2,65,53,"71,738.23"
93,Tier 1,Manager,Metro,"55,581.00",4,49,59,"99,551.34"
94,Tier 3,Executive,Metro,"62,243.00",1,41,35,"75,903.42"
95,Tier 1,Manager,Non-Metro,"59,293.00",1,81,64,"1,05,308.78"
96,Tier 2,Executive,Non-Metro,"59,707.00",3,70,28,"56,003.61"
97,Tier 1,Executive,Non-Metro,"57,726.00",4,84,54,"68,673.29"
98,Tier 2,Executive,Metro,"58,401.00",4,45,55,"76,028.50"
99,Tier 1,Manager,Metro,"41,228.00",2,64,56,"87,418.05"
100,Tier 1,Manager,Metro,"40,945.00",1,46,38,"74,984.02"
101,Tier 1,Executive,Non-Metro,"54,794.00",4,47,41,"66,591.29"
102,Tier 1,Executive,Metro,"51,692.00",2,57,30,"72,088.04"
103,Tier 1,Executive,Non-Metro,"52,305.00",1,35,18,"78,521.17"
104,Tier 2,Manager,Non-Metro,"56,680.00",4,63,61,"85,688.72"
105,Tier 1,Executive,Non-Metro,"52,300.00",4,52,34,"66,657.86"
106,Tier 3,Manager,Metro,"56,710.00",2,47,20,"67,879.02"
107,Tier 1,Executive,Non-Metro,"51,351.00",1,69,19,"60,069.68"
108,Tier 3,Executive,Metro,"51,022.00",2,55,26,"67,820.31"
109,Tier 2,Executive,Metro,"52,096.00",3,37,29,"65,685.02"
110,Tier 2,Manager,Metro,"59,099.00",2,67,63,"1,03,305.30"
111,Tier 3,Executive,Metro,"57,677.00",4,77,54,"76,671.69"
112,Tier 1,Executive,Non-Metro,"59,343.00",3,85,55,"76,577.99"
113,Tier 1,Executive,Metro,"54,767.00",1,35,37,"66,693.98"
114,Tier 3,Executive,Non-Metro,"60,869.00",1,77,21,"60,125.97"
115,Tier 1,Executive,Metro,"53,949.00",4,81,52,"80,042.11"
116,Tier 1,Executive,Metro,"48,707.00",4,77,60,"97,106.11"
117,Tier 2,Executive,Metro,"77,911.00",1,50,58,"87,831.62"
118,Tier 2,Manager,Non-Metro,"54,183.00",1,40,29,"70,630.95"
119,Tier 2,Executive,Non-Metro,"51,099.00",3,71,49,"67,516.63"
120,Tier 3,Executive,Non-Metro,"51,591.00",1,79,37,"67,573.29"
121,Tier 1,Executive,Metro,"61,057.00",1,41,44,"80,714.79"
122,Tier 1,Executive,Metro,"48,280.00",4,79,18,"75,430.51"
123,Tier 3,Executive,Non-Metro,"57,606.00",4,78,20,"54,071.79"
124,Tier 1,Manager,Metro,"55,440.00",4,72,44,"1,12,826.26"
125,Tier 3,Executive,Non-Metro,"54,055.00",1,63,47,"60,944.33"
126,Tier 1,Executive,Non-Metro,"49,862.00",3,82,26,"65,065.52"
127,Tier 1,Manager,Non-Metro,"56,204.00",2,65,19,"82,667.77"
128,Tier 1,Executive,Non-Metro,"65,161.00",2,41,52,"82,517.59"
129,Tier 3,Manager,Non-Metro,"42,143.00",3,38,32,"88,208.37"
130,Tier 1,Executive,Metro,"57,924.00",4,62,38,"68,023.41"
131,Tier 1,Executive,Non-Metro,"48,755.00",2,69,59,"73,464.75"
132,Tier 1,Executive,Non-Metro,"50,926.00",3,83,61,"77,222.00"
133,Tier 1,Executive,Non-Metro,"65,158.00",3,67,53,"67,163.57"
134,Tier 3,Executive,Metro,"46,073.00",4,73,19,"59,241.32"
135,Tier 1,Executive,Non-Metro,"53,110.00",4,43,20,"72,322.79"
136,Tier 2,Executive,Non-Metro,"50,180.00",1,41,22,"55,226.53"
137,Tier 1,Executive,Metro,"61,124.00",3,64,19,"73,417.07"
138,Tier 3,Executive,Metro,"54,583.00",3,82,22,"63,534.87"
139,Tier 2,Executive,Non-Metro,"52,400.00",3,72,54,"90,774.04"
140,Tier 1,Executive,Non-Metro,"64,264.00",1,51,22,"77,666.95"
141,Tier 1,Executive,Metro,"44,197.00",3,52,34,"95,868.30"
142,Tier 1,Executive,Metro,"56,273.00",1,75,26,"74,544.57"
143,Tier 2,Manager,Metro,"47,481.00",4,42,34,"77,150.63"
144,Tier 3,Executive,Metro,"58,053.00",1,53,29,"86,298.82"
145,Tier 3,Manager,Metro,"58,071.00",4,76,30,"74,697.64"
146,Tier 2,Executive,Non-Metro,"66,845.00",1,60,29,"58,695.65"
147,Tier 3,Manager,Metro,"60,396.00",3,72,46,"96,190.72"
148,Tier 2,Executive,Non-Metro,"67,056.00",3,55,51,"63,582.13"
149,Tier 3,Executive,Non-Metro,"63,823.00",4,39,53,"61,586.14"
150,Tier 1,Executive,Metro,"49,475.00",3,71,19,"75,037.68"
151,Tier 3,Executive,Metro,"50,330.00",3,80,35,"61,282.09"
152,Tier 2,Executive,Metro,"57,858.00",4,43,48,"71,522.23"
153,Tier 1,Executive,Non-Metro,"61,627.00",3,58,32,"74,596.33"
154,Tier 1,Manager,Non-Metro,"49,733.00",1,76,42,"77,168.22"
155,Tier 1,Executive,Non-Metro,"55,308.00",2,36,40,"75,028.75"
156,Tier 3,Executive,Metro,"66,048.00",4,80,44,"76,619.74"
157,Tier 2,Manager,Metro,"49,405.00",1,63,48,"75,910.11"
158,Tier 1,Manager,Metro,"49,810.00",1,47,18,"73,056.77"
159,Tier 2,Manager,Metro,"56,330.00",4,46,30,"94,478.70"
160,Tier 2,Executive,Non-Metro,"56,485.00",2,36,50,"69,960.25"
161,Tier 3,Manager,Non-Metro,"47,053.00",2,46,42,"67,407.05"
162,Tier 2,Manager,Non-Metro,"64,179.00",4,74,18,"97,119.39"
163,Tier 1,Executive,Metro,"60,385.00",4,78,54,"83,984.48"
164,Tier 1,Executive,Non-Metro,"50,963.00",2,45,32,"76,385.23"
165,Tier 3,Executive,Metro,"50,024.00",1,77,37,"66,216.70"
166,Tier 1,Executive,Metro,"50,334.00",2,36,47,"82,526.93"
167,Tier 1,Executive,Non-Metro,"61,054.00",3,68,20,"74,459.25"
168,Tier 3,Executive,Non-Metro,"58,629.00",3,39,32,"62,936.70"
169,Tier 3,Executive,Non-Metro,"52,519.00",2,45,19,"59,425.89"
170,Tier 1,Executive,Metro,"46,993.00",3,50,27,"69,437.63"
171,Tier 2,Executive,Metro,"67,559.00",4,45,63,"72,083.49"
172,Tier 1,Executive,Metro,"55,944.00",2,53,49,"69,163.36"
173,Tier 1,Executive,Metro,"38,709.00",3,56,18,"72,747.12"
174,Tier 1,Executive,Non-Metro,"61,130.00",3,58,35,"66,726.94"
175,Tier 3,Executive,Non-Metro,"54,941.00",2,50,24,"57,067.63"
176,Tier 1,Manager,Non-Metro,"58,639.00",2,46,63,"1,09,108.12"
177,Tier 3,Executive,Metro,"52,098.00",2,84,38,"73,831.46"
178,Tier 1,Executive,Metro,"53,618.00",2,52,54,"79,031.20"
179,Tier 1,Executive,Non-Metro,"57,261.00",4,62,46,"77,631.46"
180,Tier 1,Executive,Non-Metro,"53,158.00",4,66,41,"78,524.15"
181,Tier 3,Executive,Metro,"53,511.00",1,84,58,"70,856.24"
182,Tier 2,Executive,Non-Metro,"58,408.00",2,56,18,"61,042.81"
183,Tier 1,Executive,Metro,"46,722.00",2,49,22,"66,407.61"
184,Tier 3,Executive,Non-Metro,"49,331.00",1,78,44,"71,632.13"
185,Tier 2,Executive,Metro,"53,717.00",2,41,44,"78,002.78"
186,Tier 1,Manager,Metro,"70,258.00",4,38,36,"1,15,126.75"
187,Tier 2,Executive,Non-Metro,"53,186.00",3,62,26,"58,559.16"
188,Tier 1,Executive,Non-Metro,"59,273.00",1,80,30,"62,275.25"
189,Tier 1,Executive,Non-Metro,"59,466.00",3,45,41,"73,749.44"
190,Tier 3,Executive,Non-Metro,"55,639.00",1,40,29,"55,927.32"
191,Tier 2,Executive,Metro,"61,138.00",3,68,61,"67,174.81"
192,Tier 1,Executive,Non-Metro,"47,831.00",4,74,36,"70,249.63"
193,Tier 2,Executive,Metro,"51,919.00",4,82,25,"69,896.22"
194,Tier 3,Executive,Non-Metro,"49,310.00",1,47,56,"68,123.80"
195,Tier 2,Executive,Metro,"61,973.00",1,51,18,"56,131.76"
196,Tier 3,Executive,Metro,"52,475.00",3,39,19,"63,426.48"
197,Tier 1,Executive,Non-Metro,"62,262.00",3,43,39,"68,762.60"
198,Tier 2,Executive,Non-Metro,"49,159.00",3,57,45,"65,693.05"
199,Tier 3,Executive,Non-Metro,"44,451.00",1,65,51,"59,721.74"
200,Tier 1,Executive,Non-Metro,"64,873.00",3,48,64,"85,224.19"
201,Tier 3,Executive,Non-Metro,"55,261.00",1,36,19,"53,356.72"
202,Tier 2,Executive,Non-Metro,"53,405.00",1,46,48,"67,405.54"
203,Tier 3,Executive,Non-Metro,"48,982.00",3,77,60,"73,639.06"
204,Tier 2,Manager,Non-Metro,"60,286.00",1,73,27,"91,956.84"
205,Tier 1,Executive,Metro,"44,712.00",2,49,46,"76,451.55"
206,Tier 1,Executive,Non-Metro,"49,882.00",2,57,28,"64,100.13"
207,Tier 2,Executive,Metro,"46,791.00",3,59,59,"78,379.79"
208,Tier 1,Manager,Metro,"52,585.00",3,78,35,"77,592.94"
209,Tier 1,Executive,Non-Metro,"59,130.00",1,79,63,"70,314.89"
210,Tier 1,Executive,Metro,"63,061.00",4,36,40,"72,339.71"
211,Tier 1,Executive,Metro,"55,293.00",4,39,20,"75,774.95"
212,Tier 3,Executive,Metro,"54,222.00",4,40,40,"71,232.98"
213,Tier 3,Executive,Metro,"48,720.00",3,66,24,"61,022.27"
214,Tier 2,Executive,Non-Metro,"49,971.00",2,77,34,"69,437.41"
215,Tier 1,Executive,Non-Metro,"58,774.00",4,70,45,"73,028.67"
216,Tier 1,Executive,Non-Metro,"59,781.00",1,46,41,"76,811.45"
217,Tier 3,Executive,Non-Metro,"54,690.00",3,71,53,"65,923.72"
218,Tier 2,Executive,Metro,"43,494.00",1,60,27,"68,676.93"
219,Tier 2,Executive,Non-Metro,"54,356.00",1,69,26,"67,766.33"
220,Tier 2,Executive,Non-Metro,"44,261.00",4,64,24,"75,535.50"
221,Tier 1,Executive,Non-Metro,"61,570.00",3,74,34,"75,762.91"
222,Tier 1,Executive,Non-Metro,"59,600.00",3,52,53,"75,588.76"
223,Tier 1,Executive,Metro,"52,971.00",2,56,32,"70,086.07"
224,Tier 1,Manager,Metro,"57,963.00",2,60,19,"96,125.18"
225,Tier 2,Manager,Metro,"44,781.00",2,75,42,"80,753.62"
226,Tier 2,Executive,Metro,"62,903.00",4,82,55,"71,048.24"
227,Tier 2,Executive,Metro,"58,282.00",4,78,28,"71,454.90"
228,Tier 2,Executive,Non-Metro,"66,411.00",1,47,58,"87,222.87"
229,Tier 1,Executive,Non-Metro,"58,109.00",4,44,41,"75,683.99"
230,Tier 1,Executive,Metro,"51,572.00",4,35,47,"78,834.20"
231,Tier 3,Executive,Non-Metro,"63,031.00",1,48,42,"72,943.91"
232,Tier 2,Executive,Non-Metro,"54,081.00",1,42,59,"66,774.11"
233,Tier 1,Executive,Non-Metro,"45,676.00",4,81,19,"58,845.40"
234,Tier 1,Executive,Metro,"52,116.00",2,60,59,"75,689.83"
235,Tier 3,Executive,Metro,"46,127.00",1,56,39,"68,623.41"
236,Tier 2,Manager,Non-Metro,"48,343.00",3,78,40,"68,392.67"
237,Tier 2,Executive,Non-Metro,"56,666.00",3,47,18,"53,730.63"
238,Tier 2,Executive,Metro,"67,170.00",4,55,31,"69,913.11"
239,Tier 3,Manager,Metro,"51,096.00",3,70,19,"80,820.27"
240,Tier 2,Executive,Metro,"64,120.00",2,35,44,"71,001.53"
241,Tier 1,Manager,Non-Metro,"59,001.00",2,81,23,"89,974.05"
242,Tier 1,Executive,Non-Metro,"45,187.00",3,74,33,"71,161.34"
243,Tier 1,Executive,Non-Metro,"53,027.00",4,69,55,"1,06,846.34"
244,Tier 1,Executive,Metro,"55,858.00",4,47,40,"77,673.29"
245,Tier 1,Manager,Non-Metro,"49,074.00",3,58,63,"84,287.39"
246,Tier 3,Executive,Metro,"54,121.00",3,51,54,"84,320.29"
247,Tier 2,Executive,Non-Metro,"61,285.00",3,44,60,"77,283.59"
248,Tier 2,Executive,Metro,"63,140.00",1,44,24,"68,416.86"
249,Tier 1,Executive,Metro,"44,907.00",1,60,19,"70,186.19"
250,Tier 1,Executive,Metro,"52,054.00",2,67,29,"73,394.09"
251,Tier 1,Manager,Metro,"44,353.00",3,75,18,"70,056.31"
252,Tier 1,Manager,Non-Metro,"54,987.00",3,69,63,"1,11,873.30"
253,Tier 2,Manager,Metro,"54,808.00",2,51,54,"1,01,785.04"
254,Tier 1,Executive,Metro,"58,153.00",3,55,27,"76,298.90"
255,Tier 1,Manager,Metro,"51,912.00",2,66,50,"1,13,141.14"
256,Tier 1,Executive,Non-Metro,"51,735.00",1,67,55,"71,890.09"
257,Tier 3,Manager,Metro,"55,928.00",4,75,56,"1,08,750.87"
258,Tier 2,Executive,Non-Metro,"61,132.00",1,72,38,"68,120.03"
259,Tier 3,Executive,Metro,"47,560.00",4,70,51,"67,760.38"
260,Tier 3,Manager,Metro,"53,080.00",3,68,19,"97,151.38"
261,Tier 1,Executive,Non-Metro,"46,136.00",1,73,58,"81,234.60"
262,Tier 2,Manager,Non-Metro,"54,869.00",2,76,20,"72,296.79"
263,Tier 1,Manager,Metro,"53,471.00",3,58,52,"82,735.40"
264,Tier 3,Manager,Metro,"66,355.00",1,81,19,"99,815.96"
265,Tier 2,Executive,Non-Metro,"62,836.00",4,41,53,"72,755.38"
266,Tier 2,Manager,Metro,"70,468.00",2,38,46,"1,11,172.92"
267,Tier 2,Manager,Metro,"45,743.00",4,45,40,"80,222.50"
268,Tier 1,Executive,Non-Metro,"54,083.00",3,83,59,"70,531.82"
269,Tier 1,Executive,Metro,"50,573.00",3,60,45,"70,207.24"
270,Tier 1,Executive,Metro,"46,637.00",4,46,49,"66,843.75"
271,Tier 2,Executive,Metro,"50,393.00",4,55,18,"60,213.58"
272,Tier 1,Manager,Metro,"63,916.00",1,70,50,"1,05,334.50"
273,Tier 3,Executive,Metro,"62,911.00",3,65,41,"65,659.69"
274,Tier 1,Executive,Metro,"56,876.00",1,35,50,"83,092.16"
275,Tier 3,Executive,Metro,"54,032.00",1,38,25,"66,571.17"
276,Tier 1,Executive,Non-Metro,"52,888.00",4,76,47,"78,083.21"
277,Tier 3,Executive,Metro,"43,457.00",1,74,19,"62,954.41"
278,Tier 1,Executive,Non-Metro,"51,281.00",3,55,22,"66,298.70"
279,Tier 2,Executive,Metro,"54,806.00",2,57,59,"82,475.16"
280,Tier 2,Executive,Non-Metro,"49,646.00",1,59,51,"74,374.60"
281,Tier 1,Manager,Non-Metro,"52,883.00",1,55,40,"78,949.12"
282,Tier 1,Manager,Metro,"68,419.00",4,46,54,"1,06,418.32"
283,Tier 1,Executive,Metro,"50,242.00",4,71,30,"70,060.23"
284,Tier 1,Executive,Non-Metro,"57,133.00",3,72,55,"77,111.81"
285,Tier 1,Executive,Non-Metro,"52,065.00",4,80,52,"68,439.79"
286,Tier 2,Executive,Metro,"53,490.00",2,72,46,"68,607.86"
287,Tier 1,Executive,Non-Metro,"68,539.00",3,51,46,"76,839.09"
288,Tier 3,Executive,Non-Metro,"48,471.00",1,52,63,"70,363.67"
289,Tier 1,Manager,Non-Metro,"59,759.00",4,67,59,"1,04,376.58"
290,Tier 2,Executive,Metro,"48,380.00",2,76,52,"83,078.61"
291,Tier 1,Executive,Non-Metro,"56,990.00",3,85,28,"72,326.83"
292,Tier 1,Executive,Metro,"51,090.00",3,80,29,"88,238.24"
293,Tier 2,Manager,Metro,"74,198.00",1,57,25,"99,644.51"
294,Tier 2,Executive,Non-Metro,"49,883.00",2,83,22,"60,621.48"
295,Tier 1,Executive,Metro,"54,757.00",1,70,25,"81,168.14"
296,Tier 1,Executive,Metro,"47,031.00",1,77,18,"69,525.73"
297,Tier 1,Manager,Metro,"50,737.00",3,59,19,"80,080.39"
298,Tier 2,Manager,Metro,"51,867.00",3,71,47,"82,688.35"
299,Tier 3,Manager,Metro,"55,886.00",1,59,31,"96,427.67"
300,Tier 3,Executive,Non-Metro,"58,056.00",2,35,48,"69,477.19"
301,Tier 1,Executive,Metro,"53,101.00",4,70,36,"74,538.40"
302,Tier 1,Manager,Non-Metro,"48,782.00",4,48,53,"79,584.68"
303,Tier 2,Executive,Non-Metro,"61,585.00",1,43,56,"74,831.10"
304,Tier 2,Executive,Non-Metro,"59,979.00",4,75,28,"58,131.91"
305,Tier 1,Executive,Non-Metro,"63,899.00",1,56,57,"84,743.00"
306,Tier 3,Executive,Metro,"54,798.00",1,54,29,"75,534.40"
307,Tier 1,Executive,Non-Metro,"54,744.00",4,78,28,"81,481.56"
308,Tier 2,Executive,Non-Metro,"58,383.00",2,46,30,"69,300.19"
309,Tier 1,Executive,Metro,"58,709.00",4,85,58,"90,313.75"
310,Tier 3,Executive,Non-Metro,"54,126.00",2,43,41,"73,396.24"
311,Tier 1,Executive,Metro,"52,976.00",4,50,50,"70,039.59"
312,Tier 1,Executive,Non-Metro,"50,339.00",2,60,19,"70,424.37"
313,Tier 2,Manager,Metro,"61,609.00",2,74,43,"91,694.57"
314,Tier 2,Executive,Metro,"63,395.00",1,66,49,"74,782.68"
315,Tier 1,Manager,Non-Metro,"61,270.00",2,73,27,"1,02,262.82"
316,Tier 1,Executive,Metro,"61,862.00",4,51,52,"79,093.55"
317,Tier 3,Executive,Metro,"60,695.00",1,62,50,"70,326.56"
318,Tier 1,Executive,Metro,"59,922.00",3,42,54,"86,260.00"
319,Tier 3,Executive,Non-Metro,"53,748.00",2,74,44,"63,434.77"
320,Tier 1,Executive,Metro,"62,196.00",2,69,32,"66,943.01"
321,Tier 3,Executive,Metro,"52,827.00",2,43,34,"65,127.58"
322,Tier 1,Executive,Non-Metro,"56,003.00",1,68,26,"79,572.91"
323,Tier 1,Manager,Metro,"60,107.00",3,40,34,"1,08,959.68"
324,Tier 1,Executive,Metro,"67,292.00",3,46,57,"75,485.17"
325,Tier 1,Executive,Metro,"49,605.00",4,58,29,"66,564.34"
326,Tier 1,Executive,Metro,"63,647.00",3,50,40,"77,855.11"
327,Tier 2,Executive,Non-Metro,"48,581.00",4,69,27,"58,157.33"
328,Tier 3,Manager,Metro,"63,334.00",1,71,45,"94,904.92"
329,Tier 1,Manager,Non-Metro,"62,264.00",2,52,64,"1,14,996.23"
330,Tier 1,Executive,Metro,"61,180.00",1,53,52,"84,453.82"
331,Tier 1,Manager,Non-Metro,"63,370.00",1,38,61,"1,12,185.30"
332,Tier 3,Manager,Metro,"52,121.00",4,64,52,"85,433.78"
333,Tier 3,Executive,Non-Metro,"58,782.00",4,81,61,"71,725.42"
334,Tier 1,Executive,Non-Metro,"52,717.00",3,81,56,"69,686.43"
335,Tier 1,Executive,Non-Metro,"65,291.00",2,51,43,"87,624.82"
336,Tier 1,Executive,Metro,"62,820.00",3,62,64,"75,366.41"
337,Tier 2,Executive,Metro,"55,219.00",3,36,60,"69,293.67"
338,Tier 3,Executive,Metro,"50,637.00",4,81,62,"72,653.54"
339,Tier 1,Manager,Metro,"56,777.00",3,72,50,"1,01,676.27"
340,Tier 2,Executive,Non-Metro,"48,367.00",2,82,46,"64,602.94"
341,Tier 1,Executive,Non-Metro,"50,440.00",4,49,24,"84,891.91"
342,Tier 3,Executive,Metro,"56,640.00",4,59,62,"80,912.22"
343,Tier 1,Executive,Non-Metro,"52,862.00",4,38,60,"75,668.60"
344,Tier 1,Executive,Metro,"66,238.00",4,37,63,"87,865.95"
345,Tier 2,Executive,Non-Metro,"63,067.00",2,41,49,"72,570.68"
346,Tier 2,Executive,Non-Metro,"50,768.00",4,65,34,"63,243.71"
347,Tier 2,Executive,Metro,"62,897.00",2,57,33,"64,127.09"
348,Tier 1,Executive,Metro,"56,970.00",3,43,46,"81,291.41"
349,Tier 2,Executive,Non-Metro,"50,145.00",2,57,36,"58,437.39"
350,Tier 3,Executive,Metro,"57,744.00",3,71,19,"68,804.22"
351,Tier 3,Executive,Non-Metro,"50,546.00",2,70,57,"65,555.15"
352,Tier 1,Executive,Non-Metro,"49,630.00",3,39,50,"78,953.09"
353,Tier 1,Executive,Non-Metro,"49,201.00",1,75,30,"71,665.52"
354,Tier 1,Executive,Metro,"59,672.00",1,41,33,"78,716.54"
355,Tier 2,Executive,Non-Metro,"65,360.00",4,85,18,"67,305.64"
356,Tier 1,Executive,Metro,"56,630.00",4,78,46,"91,874.27"
357,Tier 2,Executive,Metro,"66,225.00",2,52,46,"68,828.39"
358,Tier 3,Executive,Metro,"50,905.00",1,51,47,"71,592.06"
359,Tier 2,Executive,Metro,"70,139.00",3,57,23,"69,655.87"
360,Tier 2,Executive,Non-Metro,"50,225.00",3,78,18,"55,965.32"
361,Tier 1,Executive,Non-Metro,"58,491.00",1,82,48,"77,992.00"
362,Tier 1,Executive,Metro,"54,429.00",3,73,35,"67,723.64"
363,Tier 1,Manager,Non-Metro,"48,660.00",4,40,19,"69,552.90"
364,Tier 1,Executive,Non-Metro,"54,944.00",4,52,21,"71,319.69"
365,Tier 2,Executive,Non-Metro,"45,569.00",1,45,21,"61,314.49"
366,Tier 1,Executive,Non-Metro,"54,688.00",3,72,49,"77,659.80"
367,Tier 1,Executive,Non-Metro,"55,031.00",3,38,56,"79,567.50"
368,Tier 3,Executive,Non-Metro,"47,800.00",3,51,42,"64,852.24"
369,Tier 3,Executive,Metro,"53,525.00",3,76,44,"76,874.67"
370,Tier 1,Executive,Metro,"58,158.00",4,52,18,"74,609.27"
371,Tier 3,Executive,Non-Metro,"45,831.00",4,50,61,"67,830.32"
372,Tier 1,Executive,Non-Metro,"49,068.00",3,38,57,"76,946.27"
373,Tier 1,Executive,Non-Metro,"59,055.00",1,62,42,"74,170.88"
374,Tier 1,Manager,Metro,"56,061.00",1,50,26,"89,914.73"
375,Tier 2,Executive,Metro,"54,739.00",1,41,20,"57,101.04"
376,Tier 3,Manager,Non-Metro,"48,909.00",1,63,23,"72,988.31"
377,Tier 1,Manager,Non-Metro,"53,938.00",1,61,39,"75,465.42"
378,Tier 2,Manager,Metro,"64,117.00",4,77,24,"98,229.46"
379,Tier 3,Executive,Non-Metro,"53,523.00",1,61,64,"75,104.22"
380,Tier 2,Executive,Metro,"54,533.00",1,68,62,"94,600.05"
381,Tier 1,Manager,Non-Metro,"41,686.00",2,52,27,"71,243.97"
382,Tier 1,Manager,Metro,"52,894.00",2,43,55,"1,01,285.30"
383,Tier 2,Executive,Metro,"54,634.00",2,76,55,"78,275.87"
384,Tier 2,Executive,Non-Metro,"71,502.00",4,49,35,"74,600.09"
385,Tier 1,Executive,Metro,"49,626.00",3,59,44,"72,344.51"
386,Tier 1,Executive,Metro,"64,324.00",4,74,19,"71,994.50"
387,Tier 2,Executive,Non-Metro,"62,778.00",1,51,58,"77,589.36"
388,Tier 3,Executive,Metro,"52,970.00",1,49,50,"90,017.28"
389,Tier 3,Executive,Non-Metro,"45,893.00",4,75,26,"65,271.68"
390,Tier 3,Executive,Non-Metro,"50,488.00",2,59,24,"66,640.89"
391,Tier 1,Executive,Metro,"60,137.00",4,65,48,"89,189.31"
392,Tier 3,Executive,Non-Metro,"57,816.00",4,66,19,"59,189.52"
393,Tier 1,Executive,Metro,"51,943.00",1,62,48,"69,695.94"
394,Tier 1,Executive,Metro,"59,544.00",3,51,49,"70,404.00"
395,Tier 1,Executive,Non-Metro,"61,499.00",2,76,46,"64,944.99"
396,Tier 3,Executive,Metro,"41,294.00",1,39,46,"71,733.25"
397,Tier 1,Executive,Non-Metro,"58,538.00",1,75,43,"76,807.18"
398,Tier 2,Executive,Metro,"57,406.00",2,61,21,"84,235.74"
399,Tier 1,Executive,Metro,"50,528.00",1,68,64,"74,927.63"
400,Tier 2,Executive,Non-Metro,"61,700.00",4,36,18,"66,204.58"
401,Tier 1,Executive,Non-Metro,"47,270.00",1,51,51,"68,331.12"
402,Tier 2,Executive,Metro,"69,065.00",1,76,47,"80,932.58"
403,Tier 3,Executive,Non-Metro,"60,257.00",4,39,64,"82,519.16"
404,Tier 3,Executive,Metro,"61,079.00",1,79,49,"77,040.51"
405,Tier 1,Executive,Metro,"42,108.00",3,49,31,"72,612.42"
406,Tier 1,Executive,Non-Metro,"63,977.00",4,63,52,"84,692.16"
407,Tier 2,Executive,Non-Metro,"45,174.00",3,61,33,"65,377.42"
408,Tier 1,Executive,Non-Metro,"52,699.00",3,69,47,"69,660.75"
409,Tier 2,Executive,Metro,"42,512.00",2,80,38,"69,717.83"
410,Tier 2,Executive,Metro,"55,176.00",3,75,32,"57,008.66"
411,Tier 3,Executive,Metro,"38,605.00",1,38,19,"69,365.78"
412,Tier 1,Manager,Non-Metro,"46,677.00",1,39,44,"77,774.74"
413,Tier 1,Manager,Non-Metro,"45,778.00",1,71,26,"79,016.85"
414,Tier 1,Executive,Metro,"43,939.00",2,39,25,"74,387.54"
415,Tier 3,Executive,Non-Metro,"56,398.00",4,57,19,"68,191.78"
416,Tier 2,Executive,Non-Metro,"55,835.00",2,42,43,"60,230.16"
417,Tier 2,Executive,Metro,"63,076.00",2,76,52,"73,796.54"
418,Tier 1,Manager,Non-Metro,"42,990.00",4,69,36,"72,310.20"
419,Tier 2,Executive,Metro,"65,196.00",4,57,64,"81,015.32"
420,Tier 3,Manager,Non-Metro,"52,971.00",3,38,63,"81,697.60"
421,Tier 2,Manager,Metro,"59,430.00",4,54,64,"1,04,243.15"
422,Tier 2,Manager,Metro,"60,711.00",1,65,61,"1,01,556.34"
423,Tier 1,Manager,Metro,"55,375.00",1,68,40,"1,06,794.93"
424,Tier 1,Executive,Metro,"52,454.00",4,73,25,"71,600.02"
425,Tier 1,Executive,Metro,"58,185.00",3,83,48,"81,949.56"
426,Tier 2,Executive,Metro,"47,925.00",1,36,45,"73,749.23"
427,Tier 1,Executive,Non-Metro,"47,421.00",2,53,38,"71,375.68"
428,Tier 1,Executive,Non-Metro,"51,533.00",3,61,18,"72,477.67"
429,Tier 1,Executive,Non-Metro,"36,990.00",2,43,21,"65,008.02"
430,Tier 3,Executive,Non-Metro,"56,116.00",1,67,27,"84,698.85"
431,Tier 1,Executive,Metro,"62,878.00",2,47,19,"97,088.21"
432,Tier 3,Executive,Non-Metro,"42,736.00",3,64,29,"60,591.81"
433,Tier 1,Executive,Metro,"55,608.00",1,78,42,"70,832.23"
434,Tier 1,Executive,Non-Metro,"59,842.00",4,46,60,"71,889.51"
435,Tier 3,Executive,Metro,"56,444.00",3,45,31,"73,635.67"
436,Tier 2,Executive,Metro,"53,316.00",1,48,60,"70,999.92"
437,Tier 1,Executive,Metro,"53,856.00",2,75,22,"66,756.42"
438,Tier 1,Executive,Metro,"54,873.00",2,58,35,"72,489.65"
439,Tier 2,Executive,Non-Metro,"68,315.00",3,79,52,"81,832.10"
440,Tier 1,Executive,Metro,"52,544.00",1,42,26,"73,939.42"
441,Tier 3,Executive,Non-Metro,"57,189.00",3,47,31,"66,790.50"
442,Tier 1,Manager,Non-Metro,"57,695.00",2,55,33,"96,600.42"
443,Tier 2,Executive,Metro,"68,011.00",2,70,18,"53,020.32"
444,Tier 2,Executive,Non-Metro,"64,691.00",2,44,59,"80,588.67"
445,Tier 3,Manager,Metro,"53,910.00",3,75,56,"90,228.63"
446,Tier 1,Executive,Non-Metro,"60,907.00",2,57,45,"79,263.09"
447,Tier 1,Executive,Metro,"54,327.00",2,64,60,"88,561.51"
448,Tier 3,Executive,Non-Metro,"46,538.00",1,53,56,"62,424.16"
449,Tier 1,Executive,Non-Metro,"52,796.00",2,79,40,"65,442.63"
450,Tier 1,Executive,Metro,"64,231.00",1,75,35,"66,671.19"
451,Tier 1,Executive,Metro,"59,444.00",3,59,39,"76,341.13"
452,Tier 3,Executive,Metro,"49,831.00",3,63,30,"73,782.54"
453,Tier 1,Executive,Metro,"45,913.00",3,75,24,"69,436.17"
454,Tier 3,Executive,Metro,"52,310.00",4,47,20,"56,862.74"
455,Tier 2,Executive,Metro,"69,868.00",4,55,32,"79,427.58"
456,Tier 1,Executive,Metro,"60,939.00",1,74,59,"91,681.45"
457,Tier 2,Executive,Non-Metro,"57,469.00",3,45,55,"77,103.63"
458,Tier 3,Executive,Non-Metro,"52,571.00",3,72,57,"66,313.95"
459,Tier 1,Executive,Metro,"67,425.00",1,59,56,"82,675.11"
460,Tier 2,Executive,Non-Metro,"59,817.00",1,78,40,"67,427.14"
461,Tier 2,Executive,Non-Metro,"65,657.00",3,83,49,"76,090.01"
462,Tier 1,Manager,Metro,"50,292.00",1,49,42,"85,106.53"
463,Tier 1,Executive,Non-Metro,"60,081.00",2,41,62,"75,901.99"
464,Tier 1,Executive,Metro,"52,897.00",4,49,56,"82,030.46"
465,Tier 3,Executive,Metro,"52,642.00",1,84,19,"63,601.24"
466,Tier 2,Manager,Non-Metro,"50,843.00",3,45,30,"67,351.02"
467,Tier 1,Executive,Non-Metro,"56,192.00",2,50,60,"81,955.26"
468,Tier 3,Executive,Non-Metro,"58,100.00",4,67,56,"67,700.67"
469,Tier 1,Executive,Non-Metro,"47,928.00",3,83,28,"92,828.33"
470,Tier 2,Executive,Non-Metro,"50,000.00",4,37,18,"64,431.37"
471,Tier 2,Executive,Metro,"59,968.00",3,85,27,"55,221.36"
472,Tier 1,Executive,Non-Metro,"57,102.00",3,49,18,"66,958.60"
473,Tier 1,Executive,Non-Metro,"51,617.00",3,47,19,"71,871.01"
474,Tier 1,Executive,Non-Metro,"57,304.00",2,85,47,"93,477.17"
475,Tier 1,Manager,Metro,"53,736.00",4,45,54,"79,771.46"
476,Tier 3,Manager,Metro,"51,073.00",2,45,61,"86,575.65"
477,Tier 1,Manager,Metro,"50,138.00",3,70,24,"95,813.53"
478,Tier 3,Executive,Metro,"63,654.00",2,56,25,"75,793.14"
479,Tier 2,Executive,Metro,"57,408.00",1,83,21,"56,636.90"
480,Tier 2,Executive,Metro,"55,569.00",4,69,23,"65,668.72"
481,Tier 3,Executive,Metro,"63,988.00",2,79,63,"80,614.98"
482,Tier 2,Executive,Metro,"61,721.00",2,45,49,"70,220.52"
483,Tier 2,Executive,Non-Metro,"59,669.00",2,81,18,"53,921.11"
484,Tier 1,Executive,Non-Metro,"65,851.00",2,60,51,"75,572.88"
485,Tier 1,Executive,Metro,"62,411.00",4,42,48,"77,207.70"
486,Tier 1,Executive,Non-Metro,"55,412.00",1,68,31,"60,710.06"
487,Tier 3,Executive,Non-Metro,"43,715.00",1,78,54,"75,143.25"
488,Tier 1,Executive,Metro,"54,231.00",1,62,19,"76,382.82"
489,Tier 2,Manager,Non-Metro,"64,433.00",3,46,44,"1,11,735.76"
490,Tier 3,Executive,Metro,"55,232.00",1,80,53,"65,540.32"
491,Tier 1,Executive,Non-Metro,"61,583.00",3,52,19,"67,531.15"
492,Tier 2,Executive,Non-Metro,"46,532.00",2,83,61,"75,598.32"
493,Tier 1,Executive,Non-Metro,"53,540.00",1,67,18,"69,264.00"
494,Tier 1,Executive,Metro,"64,566.00",3,81,61,"89,477.54"
495,Tier 1,Manager,Metro,"48,681.00",4,81,21,"82,925.12"
496,Tier 1,Executive,Metro,"56,554.00",1,74,20,"76,083.30"
497,Tier 1,Executive,Non-Metro,"51,206.00",3,53,31,"68,596.74"
498,Tier 1,Executive,Metro,"52,435.00",1,55,45,"74,170.13"
499,Tier 2,Executive,Non-Metro,"50,155.00",4,39,44,"59,306.19"
500,Tier 1,Executive,Non-Metro,"64,187.00",4,39,62,"67,432.59"
501,Tier 1,Manager,Metro,"59,413.00",1,82,29,"95,450.98"
502,Tier 1,Executive,Metro,"46,707.00",3,47,43,"72,730.05"
503,Tier 2,Manager,Metro,"47,277.00",3,59,51,"83,631.77"
504,Tier 2,Manager,Metro,"58,500.00",2,35,19,"96,401.16"
505,Tier 2,Executive,Non-Metro,"57,730.00",3,77,38,"64,151.37"
506,Tier 3,Executive,Metro,"51,923.00",2,62,37,"78,114.29"
507,Tier 3,Executive,Metro,"51,612.00",2,37,22,"60,924.86"
508,Tier 3,Executive,Metro,"43,980.00",3,77,21,"71,338.39"
509,Tier 1,Executive,Non-Metro,"45,394.00",4,60,24,"65,139.49"
510,Tier 1,Executive,Non-Metro,"55,176.00",4,35,57,"69,100.46"
511,Tier 1,Executive,Metro,"56,245.00",2,45,56,"86,927.86"
512,Tier 2,Executive,Metro,"59,043.00",2,49,27,"69,219.33"
513,Tier 1,Executive,Metro,"48,766.00",4,37,51,"73,707.10"
514,Tier 1,Executive,Metro,"58,626.00",4,61,19,"76,788.27"
515,Tier 1,Manager,Metro,"52,001.00",2,49,39,"85,600.10"
516,Tier 1,Executive,Metro,"59,352.00",4,43,58,"85,744.04"
517,Tier 2,Executive,Metro,"64,052.00",3,52,20,"91,330.57"
518,Tier 3,Executive,Metro,"57,344.00",4,38,45,"68,928.96"
519,Tier 1,Executive,Non-Metro,"54,246.00",1,64,35,"71,387.98"
520,Tier 1,Executive,Metro,"51,942.00",3,44,31,"66,988.10"
521,Tier 1,Executive,Non-Metro,"56,726.00",2,58,50,"92,894.44"
522,Tier 2,Executive,Non-Metro,"67,851.00",3,37,32,"67,278.35"
523,Tier 1,Executive,Non-Metro,"62,959.00",3,49,51,"79,975.83"
524,Tier 2,Executive,Non-Metro,"60,621.00",1,56,38,"61,501.14"
525,Tier 2,Manager,Metro,"53,839.00",4,67,42,"1,00,719.01"
526,Tier 2,Executive,Non-Metro,"59,229.00",3,85,18,"61,871.80"
527,Tier 3,Executive,Non-Metro,"54,598.00",4,42,19,"74,819.09"
528,Tier 1,Executive,Non-Metro,"51,247.00",4,73,51,"71,395.15"
529,Tier 1,Executive,Metro,"69,245.00",1,46,46,"76,576.50"
530,Tier 1,Executive,Metro,"45,520.00",2,75,18,"59,940.20"
531,Tier 2,Manager,Metro,"65,606.00",1,35,57,"1,01,280.17"
532,Tier 1,Executive,Non-Metro,"59,206.00",2,63,62,"73,927.15"
533,Tier 2,Executive,Metro,"50,418.00",4,84,59,"82,172.24"
534,Tier 2,Executive,Metro,"62,251.00",2,56,37,"80,040.49"
535,Tier 2,Executive,Metro,"67,078.00",3,62,64,"81,452.04"
536,Tier 1,Executive,Metro,"56,981.00",1,35,38,"68,630.86"
537,Tier 1,Executive,Non-Metro,"64,976.00",2,68,33,"79,118.64"
538,Tier 1,Executive,Non-Metro,"59,392.00",2,80,46,"77,197.29"
539,Tier 2,Executive,Non-Metro,"52,617.00",1,75,46,"70,505.65"
540,Tier 2,Executive,Metro,"51,484.00",3,51,53,"87,095.67"
541,Tier 1,Executive,Non-Metro,"62,724.00",1,81,34,"61,484.31"
542,Tier 2,Executive,Non-Metro,"57,844.00",2,42,20,"65,493.39"
543,Tier 2,Executive,Non-Metro,"58,479.00",1,62,63,"74,974.14"
544,Tier 2,Manager,Non-Metro,"73,856.00",1,75,54,"1,21,362.73"
545,Tier 3,Executive,Metro,"60,126.00",1,44,54,"66,575.29"
546,Tier 3,Manager,Metro,"49,947.00",2,56,49,"85,975.90"
547,Tier 1,Executive,Metro,"63,402.00",1,44,28,"67,244.50"
548,Tier 1,Executive,Non-Metro,"66,956.00",4,59,54,"69,163.02"
549,Tier 1,Executive,Non-Metro,"50,975.00",2,65,25,"63,470.60"
550,Tier 2,Manager,Non-Metro,"70,528.00",2,46,43,"1,03,308.60"
551,Tier 1,Executive,Metro,"58,773.00",3,39,63,"78,733.50"
552,Tier 2,Executive,Non-Metro,"52,160.00",3,40,32,"59,944.47"
553,Tier 1,Executive,Metro,"46,289.00",4,85,62,"80,727.84"
554,Tier 3,Executive,Non-Metro,"60,421.00",1,65,52,"69,957.72"
555,Tier 1,Executive,Non-Metro,"65,688.00",1,48,25,"86,779.90"
556,Tier 1,Executive,Metro,"44,223.00",1,73,28,"60,276.99"
557,Tier 1,Executive,Metro,"57,888.00",1,79,46,"69,644.59"
558,Tier 2,Executive,Metro,"61,457.00",2,37,34,"62,905.33"
559,Tier 3,Manager,Non-Metro,"55,713.00",1,53,35,"91,461.53"
560,Tier 3,Executive,Metro,"56,519.00",1,64,19,"68,107.12"
561,Tier 3,Executive,Non-Metro,"46,264.00",3,52,46,"59,944.19"
562,Tier 1,Executive,Non-Metro,"61,984.00",1,55,54,"73,132.19"
563,Tier 1,Executive,Metro,"53,585.00",4,83,27,"66,902.35"
564,Tier 2,Executive,Metro,"69,993.00",2,66,50,"77,519.72"
565,Tier 2,Executive,Non-Metro,"55,083.00",4,78,18,"64,807.83"
566,Tier 3,Executive,Non-Metro,"54,624.00",3,40,19,"64,539.46"
567,Tier 3,Executive,Non-Metro,"69,272.00",1,52,38,"74,082.97"
568,Tier 3,Executive,Metro,"54,790.00",3,37,41,"74,176.38"
569,Tier 1,Executive,Non-Metro,"55,440.00",1,48,49,"64,550.69"
570,Tier 3,Manager,Metro,"64,558.00",3,47,48,"99,734.64"
571,Tier 1,Executive,Non-Metro,"50,385.00",4,67,31,"70,422.32"
572,Tier 2,Executive,Non-Metro,"61,828.00",3,42,18,"68,584.06"
573,Tier 2,Executive,Non-Metro,"71,543.00",4,82,30,"61,366.78"
574,Tier 1,Executive,Non-Metro,"60,757.00",3,48,62,"85,245.01"
575,Tier 1,Executive,Non-Metro,"64,225.00",4,43,57,"80,470.64"
576,Tier 3,Executive,Non-Metro,"55,470.00",3,36,58,"68,557.78"
577,Tier 2,Executive,Metro,"47,049.00",4,65,22,"57,010.86"
578,Tier 1,Manager,Non-Metro,"59,101.00",3,56,31,"1,13,843.16"
579,Tier 1,Executive,Metro,"55,453.00",3,67,52,"71,105.71"
580,Tier 1,Executive,Non-Metro,"44,848.00",3,41,25,"65,897.67"
581,Tier 1,Executive,Metro,"48,183.00",4,35,59,"73,716.85"
582,Tier 3,Executive,Metro,"52,782.00",1,56,19,"62,989.38"
583,Tier 2,Executive,Metro,"69,431.00",1,49,39,"66,323.22"
584,Tier 2,Executive,Non-Metro,"51,589.00",4,41,32,"78,048.35"
585,Tier 1,Executive,Metro,"48,860.00",4,67,19,"65,236.18"
586,Tier 2,Executive,Non-Metro,"50,087.00",1,82,33,"59,009.52"
587,Tier 1,Executive,Metro,"49,047.00",3,40,21,"74,563.83"
588,Tier 3,Manager,Non-Metro,"56,231.00",1,74,34,"92,698.56"
589,Tier 1,Executive,Non-Metro,"61,046.00",4,60,61,"77,981.88"
590,Tier 2,Executive,Non-Metro,"57,851.00",1,79,38,"61,211.79"
591,Tier 1,Executive,Non-Metro,"57,087.00",4,57,58,"78,324.59"
592,Tier 3,Executive,Metro,"48,844.00",2,78,47,"70,576.11"
593,Tier 2,Executive,Metro,"51,214.00",2,54,20,"59,565.94"
594,Tier 1,Manager,Non-Metro,"49,750.00",4,70,21,"65,081.36"
595,Tier 2,Executive,Metro,"68,145.00",3,84,41,"64,093.96"
596,Tier 1,Executive,Non-Metro,"55,675.00",1,46,46,"76,864.52"
597,Tier 2,Executive,Non-Metro,"53,388.00",2,61,42,"70,286.85"
598,Tier 1,Executive,Non-Metro,"57,584.00",4,44,34,"73,572.32"
599,Tier 1,Executive,Metro,"56,087.00",3,85,43,"74,611.23"
600,Tier 3,Executive,Non-Metro,"65,165.00",1,79,52,"1,00,742.29"
601,Tier 2,Executive,Non-Metro,"61,095.00",1,54,18,"53,472.60"
602,Tier 3,Executive,Metro,"55,522.00",3,38,51,"79,954.36"
603,Tier 1,Executive,Non-Metro,"54,823.00",2,64,56,"78,933.39"
604,Tier 2,Executive,Non-Metro,"62,830.00",4,51,64,"83,153.13"
605,Tier 3,Manager,Non-Metro,"54,550.00",1,53,19,"73,581.57"
606,Tier 2,Executive,Non-Metro,"54,662.00",3,74,51,"70,751.48"
607,Tier 1,Executive,Non-Metro,"49,239.00",4,45,27,"63,459.16"
608,Tier 3,Manager,Non-Metro,"53,652.00",2,68,59,"82,182.86"
609,Tier 1,Executive,Metro,"50,659.00",3,63,28,"77,372.88"
610,Tier 1,Manager,Metro,"59,169.00",4,51,30,"95,875.83"
611,Tier 2,Executive,Non-Metro,"56,043.00",1,44,47,"62,426.39"
612,Tier 1,Executive,Non-Metro,"59,528.00",2,35,38,"65,621.21"
613,Tier 1,Executive,Non-Metro,"54,324.00",2,74,18,"65,404.57"
614,Tier 1,Executive,Non-Metro,"40,574.00",2,66,34,"62,314.99"
615,Tier 2,Executive,Non-Metro,"60,511.00",4,56,20,"55,486.61"
616,Tier 2,Manager,Non-Metro,"61,626.00",3,42,47,"1,02,099.91"
617,Tier 1,Executive,Non-Metro,"56,704.00",4,73,56,"77,326.30"
618,Tier 1,Manager,Metro,"55,507.00",3,68,49,"81,770.13"
619,Tier 2,Manager,Non-Metro,"63,071.00",2,60,19,"95,369.35"
620,Tier 1,Executive,Non-Metro,"60,356.00",4,51,55,"77,809.72"
621,Tier 1,Executive,Metro,"55,650.00",4,75,30,"62,505.95"
622,Tier 1,Manager,Metro,"55,291.00",3,56,37,"1,02,592.89"
623,Tier 1,Executive,Non-Metro,"50,234.00",3,42,49,"75,835.34"
624,Tier 1,Manager,Metro,"57,309.00",2,44,18,"1,08,840.13"
625,Tier 3,Executive,Metro,"49,801.00",1,40,59,"78,467.44"
626,Tier 3,Executive,Non-Metro,"53,160.00",1,46,29,"62,498.78"
627,Tier 1,Executive,Metro,"51,698.00",1,67,36,"82,885.09"
628,Tier 2,Executive,Metro,"69,671.00",3,36,33,"67,675.99"
629,Tier 1,Executive,Metro,"62,309.00",4,61,58,"87,098.07"
630,Tier 3,Manager,Non-Metro,"62,634.00",1,56,44,"99,438.63"
631,Tier 1,Executive,Metro,"64,138.00",4,35,53,"72,864.74"
632,Tier 1,Executive,Metro,"51,339.00",3,75,24,"72,905.05"
633,Tier 2,Executive,Non-Metro,"56,337.00",3,78,29,"69,201.42"
634,Tier 1,Executive,Metro,"47,655.00",2,80,40,"76,955.42"
635,Tier 1,Executive,Metro,"63,372.00",3,43,51,"82,767.25"
636,Tier 1,Executive,Metro,"63,512.00",3,43,64,"85,418.25"
637,Tier 3,Executive,Non-Metro,"47,893.00",1,53,19,"66,799.89"
638,Tier 1,Executive,Non-Metro,"63,895.00",1,80,35,"83,672.86"
639,Tier 1,Manager,Metro,"52,623.00",1,47,39,"80,856.11"
640,Tier 2,Executive,Metro,"58,616.00",4,38,56,"70,153.22"
641,Tier 1,Executive,Metro,"65,363.00",3,79,33,"73,418.48"
642,Tier 3,Manager,Metro,"53,149.00",1,71,42,"84,130.43"
643,Tier 1,Executive,Metro,"56,350.00",4,37,61,"83,817.75"
644,Tier 3,Executive,Non-Metro,"57,901.00",4,82,23,"70,462.30"
645,Tier 2,Executive,Metro,"56,632.00",2,46,43,"85,006.88"
646,Tier 1,Executive,Metro,"53,453.00",1,39,48,"73,023.46"
647,Tier 3,Executive,Metro,"53,821.00",2,63,39,"74,467.30"
648,Tier 1,Executive,Non-Metro,"45,986.00",4,55,40,"73,401.83"
649,Tier 1,Executive,Metro,"54,357.00",3,54,18,"77,579.31"
650,Tier 1,Executive,Non-Metro,"61,409.00",3,77,58,"78,989.16"
651,Tier 2,Executive,Non-Metro,"66,330.00",4,44,49,"68,736.41"
652,Tier 2,Executive,Non-Metro,"64,649.00",3,47,53,"79,999.26"
653,Tier 2,Executive,Non-Metro,"52,136.00",4,77,48,"63,749.73"
654,Tier 2,Executive,Non-Metro,"60,103.00",3,74,45,"74,810.66"
655,Tier 2,Executive,Non-Metro,"62,521.00",1,70,59,"77,733.27"
656,Tier 2,Manager,Non-Metro,"49,103.00",1,80,52,"81,128.88"
657,Tier 1,Executive,Non-Metro,"71,328.00",1,65,26,"77,695.83"
658,Tier 3,Executive,Metro,"58,953.00",4,46,27,"64,535.00"
659,Tier 1,Executive,Non-Metro,"59,927.00",2,51,48,"87,640.58"
660,Tier 1,Executive,Non-Metro,"49,840.00",3,37,57,"69,511.75"
661,Tier 2,Executive,Metro,"67,431.00",3,46,37,"66,775.80"
662,Tier 2,Executive,Non-Metro,"45,910.00",3,44,57,"82,368.08"
663,Tier 1,Executive,Non-Metro,"51,683.00",3,55,32,"62,070.15"
664,Tier 2,Executive,Metro,"54,298.00",4,44,18,"69,619.85"
665,Tier 2,Manager,Non-Metro,"49,209.00",3,59,64,"78,320.21"
666,Tier 2,Manager,Metro,"62,631.00",2,68,43,"1,05,727.87"
667,Tier 1,Executive,Metro,"55,394.00",1,61,49,"79,057.81"
668,Tier 3,Manager,Non-Metro,"57,876.00",2,39,40,"99,227.71"
669,Tier 1,Manager,Metro,"60,476.00",1,85,62,"1,13,212.07"
670,Tier 2,Executive,Non-Metro,"53,787.00",2,42,40,"66,886.63"
671,Tier 2,Executive,Metro,"59,116.00",1,81,30,"63,752.00"
672,Tier 1,Executive,Non-Metro,"53,671.00",2,65,29,"68,221.29"
673,Tier 2,Executive,Metro,"55,289.00",2,75,36,"60,479.67"
674,Tier 2,Executive,Non-Metro,"52,987.00",1,52,41,"68,586.40"
675,Tier 2,Manager,Non-Metro,"71,473.00",4,84,44,"92,655.28"
676,Tier 3,Executive,Metro,"45,893.00",3,70,45,"66,715.60"
677,Tier 2,Executive,Non-Metro,"63,091.00",3,68,55,"77,143.39"
678,Tier 3,Manager,Metro,"56,830.00",1,84,60,"1,08,471.68"
679,Tier 1,Executive,Metro,"64,221.00",1,55,56,"91,904.17"
680,Tier 3,Executive,Non-Metro,"50,761.00",2,62,49,"72,795.44"
681,Tier 1,Executive,Non-Metro,"44,663.00",1,61,21,"67,584.07"
682,Tier 1,Executive,Metro,"47,451.00",1,44,19,"64,086.37"
683,Tier 1,Manager,Metro,"60,917.00",3,69,39,"1,01,886.28"
684,Tier 3,Executive,Metro,"47,576.00",4,68,53,"66,654.11"
685,Tier 1,Executive,Non-Metro,"40,632.00",2,61,33,"71,017.54"
686,Tier 1,Executive,Metro,"53,942.00",1,44,53,"79,333.46"
687,Tier 1,Executive,Metro,"50,105.00",4,74,42,"76,594.04"
688,Tier 2,Executive,Metro,"63,562.00",3,41,40,"79,720.02"
689,Tier 1,Executive,Non-Metro,"49,275.00",3,38,47,"84,809.17"
690,Tier 2,Manager,Metro,"52,857.00",2,49,27,"87,581.33"
691,Tier 1,Executive,Metro,"52,889.00",2,80,21,"61,991.12"
692,Tier 1,Executive,Metro,"63,893.00",3,73,47,"79,299.74"
693,Tier 3,Executive,Metro,"58,001.00",1,82,20,"63,021.18"
694,Tier 3,Executive,Metro,"48,539.00",2,59,24,"62,387.28"
695,Tier 1,Executive,Non-Metro,"62,261.00",4,39,27,"59,214.25"
696,Tier 3,Executive,Non-Metro,"66,242.00",2,81,26,"62,441.32"
697,Tier 1,Executive,Non-Metro,"61,262.00",2,82,53,"91,266.27"
698,Tier 2,Manager,Metro,"61,930.00",1,76,41,"96,932.92"
699,Tier 3,Executive,Metro,"58,204.00",2,82,56,"69,392.13"
700,Tier 2,Executive,Non-Metro,"66,907.00",3,64,23,"70,599.91"
701,Tier 2,Executive,Non-Metro,"60,810.00",4,57,21,"62,927.79"
702,Tier 1,Executive,Non-Metro,"71,549.00",4,47,50,"83,116.21"
703,Tier 2,Executive,Metro,"63,687.00",3,65,53,"79,063.48"
704,Tier 3,Executive,Non-Metro,"55,575.00",2,76,34,"66,913.22"
705,Tier 3,Executive,Non-Metro,"51,340.00",3,53,47,"62,978.36"
706,Tier 1,Executive,Non-Metro,"55,989.00",1,61,33,"73,230.00"
707,Tier 2,Manager,Non-Metro,"61,656.00",3,51,51,"92,299.77"
708,Tier 3,Executive,Metro,"53,303.00",2,57,49,"71,335.91"
709,Tier 1,Executive,Non-Metro,"52,308.00",4,46,31,"75,515.45"
710,Tier 1,Executive,Non-Metro,"50,961.00",2,74,36,"67,015.80"
711,Tier 2,Executive,Metro,"64,693.00",4,64,18,"57,202.89"
712,Tier 2,Executive,Non-Metro,"53,444.00",3,49,50,"73,486.99"
713,Tier 3,Executive,Non-Metro,"50,977.00",2,39,43,"69,543.95"
714,Tier 1,Executive,Metro,"64,679.00",3,84,20,"71,605.72"
715,Tier 1,Executive,Non-Metro,"46,192.00",1,45,24,"61,873.12"
716,Tier 1,Executive,Metro,"51,157.00",1,74,60,"86,136.48"
717,Tier 3,Executive,Non-Metro,"50,975.00",1,84,49,"71,254.94"
718,Tier 3,Executive,Metro,"44,522.00",4,75,60,"73,051.32"
719,Tier 3,Executive,Non-Metro,"66,466.00",4,82,51,"67,802.33"
720,Tier 3,Executive,Non-Metro,"57,809.00",4,73,58,"75,308.28"
721,Tier 1,Executive,Non-Metro,"64,865.00",3,37,51,"68,233.58"
722,Tier 1,Executive,Metro,"64,419.00",3,54,53,"76,205.05"
723,Tier 1,Executive,Metro,"61,665.00",4,85,62,"77,770.17"
724,Tier 1,Executive,Metro,"58,401.00",4,48,19,"65,546.96"
725,Tier 1,Executive,Non-Metro,"56,452.00",3,58,50,"79,834.42"
726,Tier 2,Manager,Non-Metro,"59,079.00",4,83,30,"89,784.95"
727,Tier 3,Executive,Metro,"57,178.00",1,49,41,"62,471.09"
728,Tier 1,Manager,Non-Metro,"43,154.00",1,41,29,"73,960.70"
729,Tier 1,Executive,Non-Metro,"66,113.00",4,78,18,"62,118.85"
730,Tier 2,Executive,Non-Metro,"61,367.00",4,53,41,"68,783.96"
731,Tier 2,Manager,Metro,"50,269.00",3,59,35,"74,956.52"
732,Tier 1,Executive,Metro,"49,579.00",3,68,53,"75,501.92"
733,Tier 1,Executive,Non-Metro,"59,535.00",1,74,24,"66,900.02"
734,Tier 1,Executive,Non-Metro,"50,357.00",2,42,48,"67,920.60"
735,Tier 1,Executive,Non-Metro,"59,413.00",1,66,59,"84,043.43"
736,Tier 3,Executive,Non-Metro,"62,127.00",4,65,49,"68,574.13"
737,Tier 2,Manager,Non-Metro,"64,762.00",1,63,37,"89,205.84"
738,Tier 1,Executive,Metro,"49,361.00",3,82,26,"77,401.56"
739,Tier 1,Manager,Metro,"61,256.00",2,65,23,"1,07,835.84"
740,Tier 1,Manager,Metro,"63,258.00",2,57,29,"1,10,711.65"
741,Tier 1,Executive,Metro,"52,271.00",3,77,45,"76,233.83"
742,Tier 2,Manager,Metro,"59,081.00",3,62,27,"65,293.58"
743,Tier 1,Manager,Metro,"63,947.00",4,50,53,"1,04,204.57"
744,Tier 2,Executive,Non-Metro,"47,765.00",3,64,31,"67,385.21"
745,Tier 3,Executive,Metro,"56,001.00",3,46,50,"65,581.33"
746,Tier 3,Executive,Non-Metro,"53,097.00",4,75,50,"59,911.02"
747,Tier 1,Executive,Metro,"55,213.00",2,55,34,"82,878.09"
748,Tier 3,Executive,Metro,"46,248.00",4,38,19,"57,703.78"
749,Tier 1,Executive,Non-Metro,"64,931.00",4,70,47,"73,093.09"
750,Tier 3,Executive,Metro,"52,432.00",2,57,28,"64,475.07"
751,Tier 2,Manager,Non-Metro,"46,681.00",1,64,37,"69,477.90"
752,Tier 3,Executive,Metro,"53,992.00",3,72,21,"63,291.77"
753,Tier 3,Executive,Metro,"61,431.00",4,45,64,"82,384.89"
754,Tier 2,Executive,Non-Metro,"43,343.00",4,80,58,"70,164.12"
755,Tier 1,Executive,Metro,"55,168.00",3,82,24,"78,091.05"
756,Tier 1,Executive,Metro,"57,128.00",4,77,31,"79,414.18"
757,Tier 1,Executive,Non-Metro,"49,004.00",2,73,39,"75,738.92"
758,Tier 2,Manager,Non-Metro,"55,294.00",3,68,47,"74,594.62"
759,Tier 1,Executive,Metro,"60,466.00",2,84,30,"64,052.01"
760,Tier 2,Manager,Metro,"68,023.00",3,54,18,"92,851.94"
761,Tier 1,Executive,Non-Metro,"56,831.00",2,47,22,"59,150.62"
762,Tier 1,Executive,Metro,"60,909.00",3,67,23,"68,466.49"
763,Tier 1,Manager,Metro,"54,744.00",4,62,33,"85,461.75"
764,Tier 1,Executive,Metro,"54,660.00",3,43,27,"75,374.60"
765,Tier 1,Executive,Non-Metro,"55,085.00",1,59,45,"69,720.35"
766,Tier 3,Executive,Non-Metro,"54,021.00",3,60,57,"74,557.88"
767,Tier 1,Executive,Metro,"57,988.00",3,67,47,"80,463.20"
768,Tier 1,Executive,Non-Metro,"53,563.00",2,82,42,"71,950.15"
769,Tier 1,Executive,Non-Metro,"65,041.00",3,35,64,"79,054.09"
770,Tier 3,Executive,Non-Metro,"49,106.00",4,64,38,"63,268.59"
771,Tier 1,Executive,Metro,"60,296.00",2,56,61,"96,256.60"
772,Tier 1,Executive,Non-Metro,"52,516.00",2,55,53,"68,076.23"
773,Tier 1,Executive,Non-Metro,"62,913.00",4,55,44,"81,307.63"
774,Tier 3,Manager,Non-Metro,"56,259.00",2,37,19,"76,235.42"
775,Tier 3,Executive,Metro,"58,635.00",2,76,41,"64,401.61"
776,Tier 2,Executive,Metro,"58,393.00",2,54,51,"81,726.80"
777,Tier 3,Executive,Metro,"56,343.00",3,58,40,"75,930.73"
778,Tier 1,Executive,Metro,"69,103.00",3,61,45,"81,819.78"
779,Tier 2,Executive,Metro,"56,302.00",2,78,35,"62,792.65"
780,Tier 3,Executive,Metro,"58,682.00",4,56,53,"73,479.74"
781,Tier 1,Manager,Metro,"44,755.00",4,79,30,"73,291.90"
782,Tier 2,Executive,Metro,"68,087.00",2,48,18,"66,140.38"
783,Tier 2,Executive,Metro,"61,111.00",3,67,51,"71,038.65"
784,Tier 1,Manager,Non-Metro,"53,210.00",1,40,50,"92,436.86"
785,Tier 2,Executive,Non-Metro,"56,411.00",2,56,31,"62,441.06"
786,Tier 1,Executive,Non-Metro,"49,618.00",3,79,35,"73,044.66"
787,Tier 1,Executive,Metro,"59,442.00",2,72,60,"74,787.18"
788,Tier 3,Executive,Metro,"61,362.00",2,51,21,"62,090.11"
789,Tier 1,Executive,Metro,"42,655.00",2,70,29,"71,426.63"
790,Tier 2,Executive,Non-Metro,"51,003.00",4,74,62,"76,961.06"
791,Tier 2,Executive,Non-Metro,"62,984.00",1,38,39,"72,415.05"
792,Tier 1,Executive,Metro,"55,600.00",4,58,19,"73,330.78"
793,Tier 1,Executive,Non-Metro,"52,226.00",2,61,22,"64,833.39"
794,Tier 2,Manager,Metro,"46,979.00",1,66,53,"75,738.72"
795,Tier 3,Executive,Non-Metro,"59,752.00",3,46,39,"71,427.16"
796,Tier 3,Manager,Metro,"49,839.00",1,81,27,"78,089.72"
797,Tier 2,Executive,Metro,"68,797.00",2,79,30,"71,340.34"
798,Tier 1,Executive,Non-Metro,"50,705.00",3,52,30,"62,955.46"
799,Tier 1,Executive,Non-Metro,"55,987.00",4,50,58,"69,343.89"
800,Tier 1,Manager,Metro,"51,256.00",4,75,33,"73,503.98"
801,Tier 2,Executive,Non-Metro,"51,639.00",1,69,42,"60,460.07"
802,Tier 2,Executive,Non-Metro,"59,523.00",2,55,64,"73,467.46"
803,Tier 1,Executive,Metro,"46,380.00",1,62,21,"70,752.08"
804,Tier 2,Manager,Non-Metro,"71,123.00",4,57,18,"1,00,497.31"
805,Tier 2,Executive,Metro,"48,611.00",4,61,23,"70,232.90"
806,Tier 3,Executive,Non-Metro,"57,328.00",4,65,45,"60,284.58"
807,Tier 3,Executive,Non-Metro,"63,521.00",4,82,40,"82,780.39"
808,Tier 3,Executive,Non-Metro,"57,604.00",3,82,19,"65,275.62"
809,Tier 2,Executive,Metro,"59,305.00",4,78,18,"74,275.10"
810,Tier 1,Executive,Metro,"47,312.00",4,75,25,"71,026.40"
811,Tier 1,Executive,Non-Metro,"54,513.00",3,82,46,"80,991.21"
812,Tier 3,Executive,Non-Metro,"63,523.00",3,45,33,"58,048.12"
813,Tier 2,Executive,Metro,"48,852.00",1,76,54,"68,903.48"
814,Tier 1,Executive,Metro,"44,096.00",3,60,28,"79,412.82"
815,Tier 2,Executive,Metro,"58,892.00",2,79,36,"65,165.86"
816,Tier 2,Executive,Non-Metro,"54,118.00",2,50,20,"56,178.11"
817,Tier 3,Executive,Non-Metro,"44,960.00",4,42,24,"61,624.90"
818,Tier 1,Executive,Metro,"58,422.00",2,54,23,"75,585.98"
819,Tier 1,Manager,Non-Metro,"49,329.00",4,46,47,"85,420.69"
820,Tier 3,Manager,Non-Metro,"59,455.00",4,43,33,"1,12,797.03"
821,Tier 1,Executive,Metro,"62,637.00",2,65,45,"69,816.63"
822,Tier 3,Executive,Metro,"45,637.00",4,37,26,"70,626.09"
823,Tier 2,Executive,Non-Metro,"59,481.00",4,77,18,"64,189.89"
824,Tier 2,Executive,Non-Metro,"57,100.00",2,54,44,"65,875.31"
825,Tier 3,Executive,Metro,"49,702.00",2,85,60,"76,284.19"
826,Tier 1,Executive,Non-Metro,"54,415.00",3,75,64,"73,791.08"
827,Tier 2,Manager,Metro,"52,110.00",1,67,56,"98,530.39"
828,Tier 1,Manager,Metro,"49,570.00",4,72,36,"83,977.24"
829,Tier 1,Manager,Metro,"60,301.00",3,66,41,"1,00,861.51"
830,Tier 3,Executive,Metro,"43,612.00",3,48,39,"71,010.86"
831,Tier 1,Executive,Metro,"59,933.00",3,77,63,"80,641.20"
832,Tier 3,Executive,Non-Metro,"53,563.00",3,69,36,"55,882.26"
833,Tier 3,Executive,Non-Metro,"50,705.00",3,74,28,"55,436.85"
834,Tier 3,Executive,Metro,"56,493.00",1,73,58,"74,613.30"
835,Tier 3,Executive,Metro,"61,040.00",3,54,36,"78,423.94"
836,Tier 2,Executive,Metro,"58,049.00",2,51,42,"65,084.43"
837,Tier 1,Executive,Metro,"54,506.00",2,65,36,"68,699.58"
838,Tier 1,Executive,Non-Metro,"55,502.00",1,47,56,"81,558.03"
839,Tier 1,Executive,Non-Metro,"43,496.00",1,57,35,"59,786.34"
840,Tier 3,Executive,Non-Metro,"55,109.00",2,68,59,"62,624.16"
841,Tier 1,Executive,Metro,"52,417.00",3,73,21,"72,336.45"
842,Tier 1,Executive,Metro,"48,990.00",4,83,59,"79,310.37"
843,Tier 2,Manager,Non-Metro,"62,458.00",2,66,23,"84,342.95"
844,Tier 2,Manager,Non-Metro,"50,520.00",1,80,57,"77,117.50"
845,Tier 1,Executive,Metro,"59,420.00",2,46,53,"76,789.76"
846,Tier 2,Manager,Non-Metro,"62,279.00",1,84,60,"1,05,013.72"
847,Tier 1,Executive,Non-Metro,"63,285.00",2,62,51,"86,109.93"
848,Tier 2,Executive,Metro,"71,756.00",4,67,23,"72,141.43"
849,Tier 1,Executive,Non-Metro,"44,682.00",4,44,27,"62,625.75"
850,Tier 3,Executive,Metro,"57,576.00",2,43,55,"79,029.75"
851,Tier 1,Manager,Non-Metro,"58,364.00",2,74,37,"94,112.48"
852,Tier 3,Executive,Metro,"58,625.00",1,63,61,"85,704.69"
853,Tier 1,Manager,Non-Metro,"60,754.00",2,65,46,"1,10,450.43"
854,Tier 1,Executive,Non-Metro,"52,462.00",3,57,53,"74,631.46"
855,Tier 1,Manager,Non-Metro,"52,402.00",3,65,49,"74,672.78"
856,Tier 1,Executive,Non-Metro,"53,334.00",1,77,20,"72,656.08"
857,Tier 2,Manager,Non-Metro,"62,455.00",4,60,48,"1,02,188.48"
858,Tier 3,Manager,Metro,"52,388.00",2,40,25,"81,777.60"
859,Tier 2,Executive,Non-Metro,"52,322.00",1,49,25,"76,563.41"
860,Tier 1,Executive,Metro,"52,235.00",3,36,57,"87,812.20"
861,Tier 1,Manager,Non-Metro,"75,785.00",4,63,37,"1,10,338.25"
862,Tier 1,Executive,Non-Metro,"49,974.00",2,77,38,"60,572.12"
863,Tier 3,Executive,Non-Metro,"56,950.00",4,44,55,"64,365.88"
864,Tier 1,Executive,Non-Metro,"45,321.00",1,65,36,"64,269.18"
865,Tier 1,Executive,Metro,"47,794.00",2,50,51,"70,541.87"
866,Tier 1,Executive,Metro,"53,920.00",2,60,40,"73,208.38"
867,Tier 2,Executive,Metro,"62,728.00",4,71,18,"65,436.75"
868,Tier 1,Executive,Metro,"65,633.00",3,56,57,"73,353.22"
869,Tier 1,Executive,Metro,"47,254.00",4,83,61,"83,867.16"
870,Tier 1,Executive,Non-Metro,"44,699.00",3,75,25,"57,799.66"
871,Tier 1,Executive,Metro,"59,813.00",1,79,50,"82,305.51"
872,Tier 2,Executive,Non-Metro,"54,051.00",2,40,26,"65,478.95"
873,Tier 2,Executive,Metro,"47,027.00",3,71,42,"74,077.19"
874,Tier 1,Executive,Metro,"50,329.00",4,64,43,"70,299.70"
875,Tier 1,Executive,Metro,"42,581.00",4,62,44,"75,358.79"
876,Tier 3,Executive,Non-Metro,"55,895.00",4,40,23,"61,970.76"
877,Tier 1,Executive,Non-Metro,"49,123.00",4,53,49,"93,648.47"
878,Tier 2,Executive,Metro,"62,570.00",3,61,33,"76,271.87"
879,Tier 1,Executive,Metro,"58,546.00",4,56,41,"79,412.09"
880,Tier 1,Executive,Non-Metro,"56,740.00",1,49,37,"76,894.94"
881,Tier 1,Executive,Metro,"54,979.00",4,72,22,"65,489.23"
882,Tier 3,Executive,Metro,"47,472.00",2,77,23,"60,817.97"
883,Tier 1,Executive,Non-Metro,"44,468.00",2,85,21,"69,857.81"
884,Tier 1,Manager,Non-Metro,"64,930.00",1,66,51,"1,14,939.65"
885,Tier 3,Executive,Metro,"54,374.00",3,46,25,"70,244.25"
886,Tier 2,Manager,Metro,"56,541.00",2,55,32,"83,707.39"
887,Tier 1,Manager,Metro,"57,679.00",4,70,57,"87,477.23"
888,Tier 3,Executive,Non-Metro,"54,712.00",1,49,36,"64,010.16"
889,Tier 1,Executive,Metro,"63,180.00",2,63,22,"82,469.16"
890,Tier 3,Executive,Metro,"60,270.00",4,69,57,"70,126.63"
891,Tier 3,Manager,Non-Metro,"47,495.00",4,38,64,"80,020.81"
892,Tier 2,Executive,Non-Metro,"55,139.00",3,45,36,"72,854.07"
893,Tier 1,Executive,Metro,"51,735.00",3,61,54,"66,678.16"
894,Tier 2,Manager,Metro,"61,650.00",3,51,47,"1,06,083.08"
895,Tier 1,Executive,Metro,"58,586.00",3,39,62,"75,871.39"
896,Tier 1,Executive,Non-Metro,"66,002.00",1,83,61,"74,820.02"
897,Tier 1,Manager,Non-Metro,"47,266.00",1,61,43,"84,114.74"
898,Tier 3,Executive,Metro,"47,405.00",2,55,19,"68,346.92"
899,Tier 2,Executive,Non-Metro,"64,420.00",3,65,18,"58,213.89"
900,Tier 3,Executive,Non-Metro,"43,863.00",2,72,19,"61,926.91"
901,Tier 1,Executive,Metro,"43,788.00",4,85,49,"67,487.61"
902,Tier 2,Manager,Metro,"63,425.00",4,38,60,"1,01,535.38"
903,Tier 1,Executive,Metro,"54,728.00",3,37,26,"63,450.60"
904,Tier 2,Executive,Metro,"57,972.00",3,41,49,"72,940.89"
905,Tier 1,Executive,Non-Metro,"63,978.00",3,46,60,"82,356.56"
906,Tier 1,Executive,Non-Metro,"57,607.00",4,65,26,"67,500.35"
907,Tier 1,Executive,Metro,"60,357.00",3,36,27,"72,642.89"
908,Tier 2,Executive,Non-Metro,"57,009.00",3,51,44,"70,973.39"
909,Tier 1,Executive,Metro,"65,649.00",3,42,63,"84,786.24"
910,Tier 1,Manager,Non-Metro,"47,419.00",2,50,32,"77,614.88"
911,Tier 3,Executive,Metro,"55,922.00",2,77,22,"71,337.37"
912,Tier 1,Manager,Metro,"61,427.00",2,41,18,"87,870.75"
913,Tier 3,Executive,Non-Metro,"55,640.00",3,42,59,"70,233.93"
914,Tier 1,Executive,Non-Metro,"55,241.00",4,79,44,"76,125.83"
915,Tier 3,Executive,Metro,"48,676.00",1,58,33,"61,726.27"
916,Tier 2,Executive,Non-Metro,"58,164.00",4,53,24,"64,801.96"
917,Tier 3,Manager,Non-Metro,"56,740.00",4,77,43,"78,680.21"
918,Tier 1,Manager,Metro,"45,505.00",3,57,45,"99,918.30"
919,Tier 1,Executive,Non-Metro,"48,360.00",3,41,61,"74,265.40"
920,Tier 2,Executive,Non-Metro,"55,929.00",1,80,35,"59,047.34"
921,Tier 1,Executive,Non-Metro,"53,493.00",4,53,62,"80,458.58"
922,Tier 1,Executive,Non-Metro,"61,004.00",1,35,62,"80,531.42"
923,Tier 1,Executive,Metro,"56,939.00",3,75,38,"75,515.74"
924,Tier 3,Executive,Metro,"57,954.00",1,71,34,"68,438.25"
925,Tier 1,Executive,Metro,"49,897.00",4,51,43,"70,647.33"
926,Tier 1,Executive,Metro,"58,645.00",3,41,50,"98,335.39"
927,Tier 1,Executive,Non-Metro,"50,229.00",2,41,19,"67,718.50"
928,Tier 1,Executive,Non-Metro,"45,588.00",2,81,57,"66,422.09"
929,Tier 2,Executive,Non-Metro,"66,693.00",1,76,62,"66,501.14"
930,Tier 2,Executive,Metro,"62,665.00",4,37,41,"78,535.73"
931,Tier 2,Executive,Metro,"69,083.00",2,83,26,"76,813.50"
932,Tier 1,Executive,Non-Metro,"54,377.00",3,62,39,"68,986.80"
933,Tier 1,Executive,Metro,"55,776.00",3,82,46,"81,036.78"
934,Tier 1,Executive,Non-Metro,"64,803.00",4,41,45,"77,615.87"
935,Tier 2,Executive,Metro,"63,553.00",2,44,32,"74,583.85"
936,Tier 1,Executive,Non-Metro,"50,259.00",3,51,59,"64,959.88"
937,Tier 1,Executive,Metro,"54,908.00",4,73,44,"94,707.74"
938,Tier 3,Executive,Non-Metro,"45,698.00",1,78,39,"67,433.00"
939,Tier 2,Executive,Metro,"49,782.00",4,52,18,"68,119.11"
940,Tier 2,Executive,Metro,"57,965.00",2,55,53,"63,691.22"
941,Tier 2,Executive,Metro,"47,177.00",4,82,18,"59,812.41"
942,Tier 2,Executive,Non-Metro,"72,319.00",1,51,50,"63,538.43"
943,Tier 1,Executive,Non-Metro,"67,969.00",2,40,18,"77,435.20"
944,Tier 3,Executive,Metro,"45,487.00",3,37,19,"68,015.59"
945,Tier 2,Executive,Metro,"64,010.00",1,46,62,"78,249.35"
946,Tier 1,Executive,Non-Metro,"59,227.00",2,47,56,"76,488.51"
947,Tier 1,Executive,Metro,"56,738.00",3,49,42,"68,689.90"
948,Tier 1,Manager,Metro,"62,898.00",3,60,37,"1,12,310.50"
949,Tier 3,Executive,Metro,"59,175.00",2,82,42,"71,663.53"
950,Tier 1,Manager,Metro,"57,608.00",2,49,25,"78,713.91"
951,Tier 1,Executive,Metro,"42,804.00",2,37,57,"74,893.91"
952,Tier 2,Manager,Metro,"65,482.00",3,39,51,"1,06,633.64"
953,Tier 3,Executive,Non-Metro,"57,042.00",4,42,30,"60,644.12"
954,Tier 1,Manager,Metro,"56,350.00",2,74,44,"1,04,154.81"
955,Tier 3,Manager,Metro,"50,451.00",1,56,34,"74,128.76"
956,Tier 2,Executive,Metro,"62,759.00",3,37,31,"69,951.41"
957,Tier 2,Manager,Metro,"59,683.00",1,81,54,"97,523.10"
958,Tier 3,Executive,Metro,"47,381.00",1,48,24,"73,987.04"
959,Tier 1,Manager,Metro,"63,504.00",4,84,43,"1,05,528.87"
960,Tier 3,Executive,Metro,"57,127.00",4,61,48,"99,276.61"
961,Tier 3,Executive,Non-Metro,"64,290.00",1,66,19,"60,547.58"
962,Tier 1,Executive,Non-Metro,"54,212.00",4,38,29,"68,571.40"
963,Tier 2,Executive,Non-Metro,"59,576.00",1,62,63,"69,043.09"
964,Tier 1,Executive,Metro,"48,175.00",3,49,46,"77,795.84"
965,Tier 3,Executive,Metro,"63,797.00",2,37,52,"86,647.26"
966,Tier 1,Executive,Metro,"48,682.00",1,85,35,"63,554.03"
967,Tier 3,Manager,Metro,"46,558.00",3,80,51,"80,430.97"
968,Tier 3,Executive,Metro,"48,690.00",2,72,44,"72,842.01"
969,Tier 1,Executive,Metro,"54,340.00",2,53,21,"65,228.80"
970,Tier 2,Executive,Non-Metro,"63,711.00",1,73,39,"65,032.62"
971,Tier 2,Executive,Non-Metro,"49,427.00",3,40,50,"67,402.38"
972,Tier 1,Executive,Non-Metro,"44,122.00",4,85,34,"69,206.59"
973,Tier 3,Executive,Non-Metro,"45,932.00",1,84,22,"55,399.38"
974,Tier 1,Executive,Non-Metro,"69,670.00",2,62,19,"64,748.93"
975,Tier 2,Executive,Metro,"65,207.00",4,61,26,"67,929.18"
976,Tier 1,Manager,Metro,"45,354.00",3,72,29,"74,793.11"
977,Tier 2,Executive,Metro,"67,339.00",1,37,48,"69,262.14"
978,Tier 2,Executive,Metro,"54,440.00",1,53,26,"61,913.04"
979,Tier 1,Executive,Non-Metro,"63,423.00",2,54,45,"70,907.55"
980,Tier 2,Executive,Non-Metro,"55,621.00",1,57,36,"63,331.00"
981,Tier 1,Executive,Metro,"46,432.00",3,61,54,"1,02,860.45"
982,Tier 1,Executive,Metro,"49,513.00",1,84,34,"69,525.33"
983,Tier 1,Manager,Metro,"52,918.00",4,61,31,"82,323.34"
984,Tier 1,Executive,Non-Metro,"51,609.00",4,72,27,"69,498.18"
985,Tier 1,Executive,Metro,"58,698.00",1,42,20,"75,139.44"
986,Tier 1,Executive,Non-Metro,"49,215.00",1,35,44,"66,596.56"
987,Tier 3,Executive,Metro,"50,665.00",3,42,43,"66,304.02"
988,Tier 3,Executive,Non-Metro,"49,942.00",2,57,45,"92,925.38"
989,Tier 1,Executive,Metro,"59,353.00",1,75,34,"69,939.63"
990,Tier 1,Manager,Non-Metro,"42,342.00",2,37,24,"70,469.63"
991,Tier 1,Executive,Non-Metro,"43,714.00",4,79,26,"59,175.73"
992,Tier 1,Executive,Non-Metro,"55,163.00",4,67,38,"79,945.54"
993,Tier 1,Executive,Non-Metro,"52,938.00",2,55,50,"76,461.93"
994,Tier 2,Executive,Metro,"55,938.00",3,63,38,"74,774.90"
995,Tier 3,Manager,Non-Metro,"40,365.00",3,54,27,"68,402.56"
996,Tier 1,Executive,Non-Metro,"51,564.00",4,37,39,"68,158.59"
997,Tier 1,Executive,Non-Metro,"58,789.00",3,73,39,"78,067.29"
998,Tier 2,Executive,Non-Metro,"58,063.00",2,63,63,"77,986.30"
999,Tier 1,Executive,Non-Metro,"56,799.00",2,56,33,"62,165.11"
1000,Tier 3,Executive,Non-Metro,"53,629.00",4,68,36,"69,648.90"
1001,Tier 3,Manager,Metro,"45,294.00",4,45,30,"70,944.17"
1002,Tier 1,Manager,Metro,"58,036.00",2,83,24,"92,011.57"
1003,Tier 1,Executive,Metro,"54,669.00",2,39,24,"66,673.19"
1004,Tier 1,Executive,Metro,"50,452.00",3,42,48,"91,483.53"
1005,Tier 1,Executive,Metro,"45,684.00",3,46,47,"78,841.27"
1006,Tier 3,Executive,Metro,"53,872.00",4,56,29,"70,996.88"
1007,Tier 1,Executive,Metro,"53,529.00",1,79,28,"77,430.40"
1008,Tier 3,Manager,Metro,"57,125.00",2,81,47,"89,234.87"
1009,Tier 1,Executive,Metro,"45,486.00",1,48,25,"81,681.11"
1010,Tier 1,Executive,Metro,"53,134.00",2,68,51,"80,317.29"
1011,Tier 1,Executive,Non-Metro,"49,260.00",4,78,48,"76,586.37"
1012,Tier 2,Manager,Metro,"49,044.00",2,61,43,"80,955.45"
1013,Tier 2,Executive,Non-Metro,"60,235.00",4,46,61,"91,425.96"
1014,Tier 3,Executive,Metro,"60,813.00",3,65,48,"67,755.37"
1015,Tier 1,Executive,Non-Metro,"54,218.00",4,42,38,"74,513.30"
1016,Tier 3,Executive,Metro,"50,083.00",4,72,59,"65,942.45"
1017,Tier 3,Executive,Non-Metro,"44,912.00",2,67,19,"64,200.50"
1018,Tier 1,Executive,Non-Metro,"57,851.00",1,83,26,"60,930.67"
1019,Tier 3,Executive,Non-Metro,"57,569.00",2,42,54,"68,285.69"
1020,Tier 3,Executive,Non-Metro,"58,670.00",1,43,21,"76,976.49"
1021,Tier 1,Executive,Metro,"60,290.00",1,53,51,"81,962.82"
1022,Tier 2,Manager,Non-Metro,"54,753.00",1,61,22,"91,972.51"
1023,Tier 2,Manager,Metro,"65,622.00",1,39,47,"1,01,451.11"
1024,Tier 2,Executive,Metro,"46,183.00",2,52,18,"67,435.46"
1025,Tier 2,Executive,Non-Metro,"72,661.00",3,74,47,"70,238.70"
1026,Tier 1,Executive,Non-Metro,"58,601.00",1,75,21,"66,538.09"
1027,Tier 3,Manager,Metro,"53,160.00",1,48,19,"73,791.03"
1028,Tier 3,Executive,Metro,"44,074.00",1,67,23,"85,688.22"
1029,Tier 1,Executive,Metro,"57,795.00",1,43,54,"83,521.22"
1030,Tier 1,Executive,Non-Metro,"42,750.00",2,76,37,"71,368.60"
1031,Tier 3,Manager,Non-Metro,"52,091.00",2,53,46,"72,988.21"
1032,Tier 2,Manager,Non-Metro,"56,729.00",4,81,55,"92,360.49"
1033,Tier 1,Executive,Non-Metro,"49,998.00",2,35,30,"60,154.54"
1034,Tier 1,Manager,Metro,"45,634.00",3,71,18,"77,400.43"
1035,Tier 3,Executive,Metro,"59,128.00",1,56,61,"85,083.58"
1036,Tier 1,Executive,Non-Metro,"47,026.00",4,71,54,"71,084.32"
1037,Tier 2,Manager,Metro,"60,268.00",3,78,22,"86,904.45"
1038,Tier 3,Manager,Non-Metro,"57,970.00",4,44,45,"1,00,715.13"
1039,Tier 1,Executive,Metro,"55,204.00",3,83,22,"70,290.10"
1040,Tier 3,Executive,Metro,"48,698.00",1,51,19,"78,933.47"
1041,Tier 3,Manager,Non-Metro,"48,779.00",1,79,35,"69,632.11"
1042,Tier 1,Executive,Metro,"51,224.00",2,84,18,"62,549.33"
1043,Tier 1,Manager,Metro,"58,035.00",1,64,20,"86,581.05"
1044,Tier 1,Executive,Non-Metro,"46,857.00",2,39,28,"59,126.22"
1045,Tier 1,Executive,Metro,"57,928.00",3,58,55,"70,711.33"
1046,Tier 3,Manager,Non-Metro,"48,975.00",4,56,43,"77,684.11"
1047,Tier 1,Executive,Non-Metro,"46,945.00",4,53,43,"63,095.42"
1048,Tier 2,Manager,Metro,"73,214.00",4,57,22,"1,00,119.53"
1049,Tier 3,Executive,Non-Metro,"48,934.00",3,73,25,"58,063.01"
1050,Tier 1,Manager,Metro,"59,776.00",1,48,49,"1,03,831.72"
1051,Tier 3,Executive,Non-Metro,"65,198.00",4,55,44,"60,870.90"
1052,Tier 1,Executive,Metro,"55,202.00",1,56,64,"74,959.86"
1053,Tier 1,Executive,Metro,"54,972.00",1,85,49,"78,075.42"
1054,Tier 1,Manager,Metro,"56,927.00",2,79,47,"93,102.25"
1055,Tier 3,Executive,Non-Metro,"46,207.00",3,71,27,"60,878.73"
1056,Tier 3,Executive,Metro,"54,594.00",2,50,55,"72,363.85"
1057,Tier 1,Executive,Non-Metro,"55,117.00",2,59,48,"72,943.17"
1058,Tier 2,Executive,Non-Metro,"53,985.00",2,45,45,"69,523.02"
1059,Tier 2,Executive,Non-Metro,"61,926.00",2,46,24,"63,313.76"
1060,Tier 3,Executive,Metro,"56,184.00",4,58,32,"66,697.47"
1061,Tier 2,Executive,Metro,"56,101.00",3,62,24,"59,041.08"
1062,Tier 2,Executive,Metro,"52,401.00",3,48,57,"73,990.76"
1063,Tier 2,Manager,Metro,"61,410.00",4,83,59,"1,02,928.71"
1064,Tier 3,Executive,Metro,"48,638.00",1,54,36,"68,374.75"
1065,Tier 1,Executive,Non-Metro,"47,527.00",2,77,29,"58,336.54"
1066,Tier 1,Executive,Non-Metro,"45,405.00",1,78,42,"73,800.36"
1067,Tier 2,Executive,Metro,"62,532.00",4,70,48,"65,021.82"
1068,Tier 1,Executive,Metro,"71,760.00",4,40,39,"71,187.52"
1069,Tier 3,Executive,Metro,"46,342.00",3,42,63,"78,936.19"
1070,Tier 2,Executive,Non-Metro,"53,031.00",4,68,54,"64,318.12"
1071,Tier 2,Manager,Metro,"61,439.00",2,56,37,"1,01,788.38"
1072,Tier 1,Executive,Metro,"55,130.00",4,54,63,"76,329.43"
1073,Tier 3,Executive,Metro,"60,214.00",3,59,21,"62,418.98"
1074,Tier 1,Executive,Non-Metro,"52,854.00",4,52,54,"76,868.81"
1075,Tier 1,Executive,Non-Metro,"38,765.00",4,72,60,"80,489.55"
1076,Tier 2,Executive,Non-Metro,"56,405.00",4,71,32,"60,035.10"
1077,Tier 1,Executive,Non-Metro,"58,805.00",1,36,47,"74,280.30"
1078,Tier 1,Executive,Metro,"52,168.00",2,40,21,"70,571.96"
1079,Tier 2,Manager,Metro,"59,767.00",2,37,28,"98,977.14"
1080,Tier 2,Executive,Metro,"54,644.00",2,40,63,"74,059.06"
1081,Tier 2,Executive,Metro,"49,891.00",4,75,18,"66,862.46"
1082,Tier 3,Executive,Metro,"49,405.00",2,76,32,"62,673.14"
1083,Tier 3,Executive,Metro,"46,596.00",1,49,38,"61,931.25"
1084,Tier 1,Executive,Metro,"55,954.00",1,67,32,"75,850.13"
1085,Tier 3,Executive,Non-Metro,"53,647.00",4,64,62,"74,474.82"
1086,Tier 1,Manager,Non-Metro,"42,415.00",3,65,39,"77,673.62"
1087,Tier 1,Executive,Metro,"50,550.00",3,78,55,"79,909.33"
1088,Tier 3,Executive,Metro,"51,700.00",1,37,57,"81,569.98"
1089,Tier 2,Executive,Metro,"76,815.00",4,75,52,"82,684.17"
1090,Tier 1,Executive,Metro,"42,916.00",2,66,56,"77,490.53"
1091,Tier 2,Manager,Metro,"60,526.00",2,51,47,"89,985.17"
1092,Tier 1,Executive,Non-Metro,"50,140.00",2,42,55,"77,386.51"
1093,Tier 1,Executive,Metro,"53,962.00",1,58,23,"79,568.27"
1094,Tier 3,Manager,Non-Metro,"60,155.00",1,64,22,"90,213.45"
1095,Tier 1,Executive,Non-Metro,"55,621.00",2,51,50,"71,706.60"
1096,Tier 1,Executive,Non-Metro,"52,670.00",3,76,18,"65,619.70"
1097,Tier 1,Manager,Non-Metro,"61,692.00",4,53,51,"1,10,792.78"
1098,Tier 2,Executive,Metro,"55,209.00",1,84,22,"62,356.93"
1099,Tier 1,Executive,Non-Metro,"57,955.00",2,55,52,"76,674.92"
1100,Tier 2,Executive,Non-Metro,"55,133.00",3,68,25,"67,971.72"
1101,Tier 1,Manager,Non-Metro,"45,664.00",3,39,33,"69,528.36"
1102,Tier 1,Executive,Metro,"49,258.00",3,37,53,"82,986.23"
1103,Tier 2,Executive,Metro,"67,454.00",2,84,29,"69,643.69"
1104,Tier 2,Executive,Metro,"65,689.00",3,36,58,"80,505.46"
1105,Tier 1,Executive,Metro,"58,428.00",3,65,37,"80,805.33"
1106,Tier 2,Executive,Non-Metro,"56,828.00",4,48,54,"71,673.46"
1107,Tier 3,Executive,Non-Metro,"58,460.00",2,41,49,"72,681.75"
1108,Tier 3,Executive,Non-Metro,"50,281.00",3,51,50,"63,263.77"
1109,Tier 1,Executive,Metro,"54,657.00",1,71,26,"65,020.47"
1110,Tier 2,Executive,Metro,"47,867.00",4,39,45,"76,955.95"
1111,Tier 1,Executive,Non-Metro,"57,924.00",1,43,54,"73,395.49"
1112,Tier 2,Manager,Metro,"58,912.00",3,85,38,"1,03,944.32"
1113,Tier 2,Manager,Non-Metro,"52,752.00",3,35,48,"72,549.47"
1114,Tier 3,Executive,Non-Metro,"49,279.00",1,76,28,"59,191.67"
1115,Tier 1,Executive,Metro,"52,642.00",1,85,23,"66,869.52"
1116,Tier 2,Executive,Metro,"60,253.00",3,58,55,"69,106.06"
1117,Tier 1,Executive,Metro,"57,597.00",2,52,41,"68,679.91"
1118,Tier 2,Manager,Metro,"56,103.00",1,66,25,"95,083.43"
1119,Tier 2,Manager,Metro,"65,653.00",4,49,33,"94,368.83"
1120,Tier 3,Executive,Non-Metro,"49,231.00",1,49,30,"63,816.55"
1121,Tier 1,Manager,Non-Metro,"58,772.00",4,56,23,"93,127.08"
1122,Tier 2,Executive,Metro,"65,684.00",2,79,46,"65,882.77"
1123,Tier 3,Manager,Non-Metro,"63,609.00",1,47,53,"1,09,221.39"
1124,Tier 1,Executive,Non-Metro,"56,990.00",3,58,27,"86,557.85"
1125,Tier 1,Manager,Non-Metro,"67,772.00",1,38,23,"90,785.90"
1126,Tier 3,Executive,Non-Metro,"49,925.00",4,64,63,"64,951.65"
1127,Tier 1,Executive,Metro,"58,284.00",1,40,55,"79,183.24"
1128,Tier 2,Executive,Non-Metro,"63,979.00",4,42,35,"67,563.06"
1129,Tier 1,Executive,Metro,"55,342.00",2,63,34,"80,572.82"
1130,Tier 1,Executive,Non-Metro,"47,766.00",1,82,19,"67,185.00"
1131,Tier 2,Executive,Non-Metro,"51,176.00",1,58,39,"59,186.89"
1132,Tier 1,Executive,Metro,"74,256.00",2,40,27,"83,023.18"
1133,Tier 1,Executive,Metro,"68,071.00",3,85,57,"88,690.87"
1134,Tier 3,Executive,Non-Metro,"43,991.00",3,63,52,"65,742.89"
1135,Tier 3,Executive,Metro,"56,932.00",3,60,28,"76,261.61"
1136,Tier 3,Executive,Non-Metro,"56,426.00",1,70,50,"67,726.88"
1137,Tier 1,Executive,Non-Metro,"54,155.00",3,70,44,"78,630.03"
1138,Tier 3,Executive,Non-Metro,"43,851.00",1,65,26,"54,865.59"
1139,Tier 2,Executive,Metro,"56,122.00",1,54,33,"64,557.84"
1140,Tier 3,Manager,Non-Metro,"55,131.00",2,42,19,"93,178.19"
1141,Tier 2,Executive,Metro,"57,751.00",1,48,50,"78,378.46"
1142,Tier 1,Executive,Non-Metro,"58,653.00",4,66,41,"80,073.57"
1143,Tier 2,Executive,Non-Metro,"49,004.00",1,69,52,"89,751.35"
1144,Tier 2,Executive,Metro,"56,930.00",3,74,39,"66,943.47"
1145,Tier 1,Executive,Metro,"54,247.00",1,49,50,"85,719.27"
1146,Tier 3,Executive,Metro,"58,582.00",1,68,52,"71,322.55"
1147,Tier 1,Manager,Metro,"61,709.00",4,39,60,"1,17,207.24"
1148,Tier 3,Executive,Non-Metro,"58,409.00",4,37,20,"56,691.33"
1149,Tier 1,Executive,Metro,"49,158.00",1,54,55,"85,505.19"
1150,Tier 1,Executive,Metro,"63,379.00",3,58,42,"69,885.18"
1151,Tier 1,Executive,Non-Metro,"56,008.00",2,68,18,"64,849.34"
1152,Tier 3,Executive,Non-Metro,"60,357.00",3,46,58,"80,065.96"
1153,Tier 2,Manager,Non-Metro,"55,592.00",4,79,43,"93,020.09"
1154,Tier 3,Executive,Non-Metro,"56,240.00",3,61,35,"68,760.12"
1155,Tier 3,Executive,Non-Metro,"51,556.00",4,84,48,"70,431.03"
1156,Tier 1,Executive,Non-Metro,"49,213.00",1,82,36,"68,388.95"
1157,Tier 2,Manager,Metro,"65,184.00",4,82,19,"99,052.84"
1158,Tier 3,Executive,Non-Metro,"45,171.00",3,52,23,"67,097.18"
1159,Tier 1,Executive,Non-Metro,"57,913.00",2,83,20,"55,293.75"
1160,Tier 1,Executive,Non-Metro,"61,365.00",4,78,32,"63,147.41"
1161,Tier 3,Executive,Non-Metro,"58,243.00",1,66,43,"61,544.46"
1162,Tier 2,Executive,Metro,"66,309.00",1,75,34,"64,938.37"
1163,Tier 2,Executive,Metro,"64,922.00",2,51,30,"90,181.89"
1164,Tier 1,Executive,Non-Metro,"56,749.00",1,37,18,"61,767.79"
1165,Tier 3,Executive,Non-Metro,"53,798.00",2,44,41,"70,241.22"
1166,Tier 1,Executive,Non-Metro,"46,468.00",1,74,35,"70,966.30"
1167,Tier 2,Executive,Metro,"65,405.00",4,45,57,"78,163.11"
1168,Tier 1,Executive,Non-Metro,"54,254.00",2,60,29,"61,216.81"
1169,Tier 1,Executive,Metro,"62,951.00",3,50,32,"74,365.36"
1170,Tier 3,Executive,Non-Metro,"64,066.00",4,64,37,"69,326.09"
1171,Tier 1,Manager,Metro,"51,461.00",3,74,18,"72,709.86"
1172,Tier 1,Manager,Non-Metro,"49,699.00",3,84,43,"78,721.30"
1173,Tier 2,Executive,Non-Metro,"63,663.00",4,44,56,"64,125.56"
1174,Tier 3,Executive,Metro,"53,866.00",3,40,38,"72,441.01"
1175,Tier 3,Executive,Metro,"55,074.00",3,79,29,"67,749.39"
1176,Tier 1,Executive,Non-Metro,"50,177.00",3,58,22,"60,864.10"
1177,Tier 3,Manager,Non-Metro,"50,204.00",4,49,52,"69,110.75"
1178,Tier 1,Executive,Non-Metro,"54,135.00",2,70,40,"58,680.23"
1179,Tier 1,Executive,Non-Metro,"63,207.00",2,84,23,"71,112.14"
1180,Tier 2,Manager,Metro,"50,297.00",2,39,31,"67,527.15"
1181,Tier 1,Executive,Non-Metro,"67,699.00",2,81,42,"80,017.56"
1182,Tier 3,Executive,Non-Metro,"53,635.00",4,61,24,"66,094.08"
1183,Tier 1,Executive,Non-Metro,"57,135.00",2,62,25,"61,164.74"
1184,Tier 1,Executive,Non-Metro,"54,256.00",4,83,48,"68,986.00"
1185,Tier 2,Manager,Non-Metro,"56,796.00",3,81,23,"78,555.43"
1186,Tier 1,Executive,Metro,"50,007.00",4,35,45,"69,125.34"
1187,Tier 3,Manager,Metro,"56,229.00",3,76,20,"1,01,915.60"
1188,Tier 3,Executive,Non-Metro,"54,621.00",2,52,62,"74,204.19"
1189,Tier 1,Manager,Non-Metro,"46,454.00",2,44,43,"80,042.53"
1190,Tier 1,Executive,Non-Metro,"52,886.00",2,60,23,"71,190.67"
1191,Tier 3,Executive,Non-Metro,"60,025.00",2,54,31,"71,258.48"
1192,Tier 1,Executive,Non-Metro,"49,743.00",4,63,41,"77,869.10"
1193,Tier 1,Executive,Non-Metro,"60,429.00",1,35,58,"88,297.22"
1194,Tier 3,Executive,Non-Metro,"65,477.00",2,36,48,"63,825.21"
1195,Tier 3,Executive,Non-Metro,"42,093.00",3,46,31,"63,799.66"
1196,Tier 3,Executive,Non-Metro,"54,529.00",1,77,19,"80,699.82"
1197,Tier 3,Manager,Non-Metro,"58,513.00",3,84,19,"96,121.86"
1198,Tier 2,Executive,Metro,"58,339.00",3,49,41,"70,172.65"
1199,Tier 3,Executive,Metro,"59,279.00",2,52,40,"73,150.11"
1200,Tier 1,Executive,Non-Metro,"51,921.00",1,35,31,"73,183.35"
1201,Tier 3,Executive,Metro,"52,761.00",2,41,37,"64,003.57"
1202,Tier 3,Executive,Metro,"65,318.00",3,72,46,"67,462.73"
1203,Tier 3,Executive,Metro,"57,269.00",2,80,22,"65,914.62"
1204,Tier 1,Executive,Metro,"55,593.00",1,82,51,"74,420.60"
1205,Tier 2,Manager,Non-Metro,"53,100.00",3,59,18,"78,046.30"
1206,Tier 3,Executive,Metro,"41,628.00",1,76,35,"62,015.95"
1207,Tier 1,Executive,Non-Metro,"61,245.00",4,47,59,"95,876.25"
1208,Tier 1,Manager,Metro,"62,568.00",2,39,36,"94,030.29"
1209,Tier 1,Manager,Non-Metro,"48,402.00",4,47,37,"81,043.15"
1210,Tier 1,Executive,Metro,"58,434.00",4,65,59,"70,821.12"
1211,Tier 3,Executive,Metro,"54,097.00",2,37,36,"76,870.60"
1212,Tier 2,Executive,Metro,"63,767.00",3,35,39,"92,160.40"
1213,Tier 1,Executive,Metro,"50,441.00",1,84,18,"66,181.93"
1214,Tier 1,Executive,Non-Metro,"55,296.00",4,43,52,"69,732.87"
1215,Tier 3,Executive,Non-Metro,"53,330.00",4,39,27,"61,239.85"
1216,Tier 1,Executive,Metro,"66,173.00",3,52,18,"84,956.21"
1217,Tier 2,Executive,Metro,"52,744.00",4,80,40,"67,304.59"
1218,Tier 2,Executive,Metro,"61,383.00",4,61,29,"67,320.63"
1219,Tier 1,Manager,Non-Metro,"60,448.00",4,60,46,"1,12,779.40"
1220,Tier 3,Executive,Non-Metro,"55,152.00",1,35,38,"63,921.31"
1221,Tier 1,Executive,Non-Metro,"42,355.00",3,76,30,"64,636.87"
1222,Tier 2,Executive,Metro,"53,884.00",1,63,40,"73,543.94"
1223,Tier 2,Executive,Metro,"49,963.00",2,46,50,"74,265.14"
1224,Tier 2,Manager,Non-Metro,"53,902.00",3,47,20,"90,466.74"
1225,Tier 1,Executive,Metro,"44,974.00",2,61,41,"62,808.80"
1226,Tier 2,Executive,Non-Metro,"61,732.00",1,66,33,"60,602.08"
1227,Tier 1,Executive,Metro,"42,170.00",1,52,38,"65,191.42"
1228,Tier 2,Executive,Metro,"62,831.00",3,85,42,"70,825.24"
1229,Tier 2,Executive,Metro,"57,686.00",4,65,56,"74,778.09"
1230,Tier 1,Executive,Metro,"57,254.00",1,70,58,"71,638.60"
1231,Tier 3,Manager,Metro,"60,298.00",1,47,52,"1,23,416.99"
1232,Tier 1,Manager,Non-Metro,"47,335.00",2,52,20,"73,270.92"
1233,Tier 3,Executive,Non-Metro,"54,452.00",3,40,54,"65,218.69"
1234,Tier 1,Executive,Metro,"49,086.00",4,80,58,"78,946.57"
1235,Tier 2,Executive,Non-Metro,"57,475.00",4,64,45,"72,715.72"
1236,Tier 3,Executive,Metro,"60,056.00",3,68,26,"57,304.09"
1237,Tier 1,Executive,Non-Metro,"42,227.00",4,62,63,"74,288.12"
1238,Tier 3,Executive,Non-Metro,"51,636.00",3,77,58,"62,720.14"
1239,Tier 1,Executive,Metro,"52,099.00",4,49,37,"66,978.72"
1240,Tier 2,Executive,Non-Metro,"64,898.00",1,65,25,"53,486.69"
1241,Tier 2,Manager,Metro,"67,907.00",2,74,52,"1,13,508.80"
1242,Tier 2,Manager,Metro,"62,908.00",4,41,64,"1,07,149.02"
1243,Tier 3,Executive,Non-Metro,"50,268.00",4,37,22,"62,997.46"
1244,Tier 2,Executive,Non-Metro,"55,183.00",2,78,28,"64,495.67"
1245,Tier 2,Executive,Metro,"61,183.00",4,67,18,"60,461.93"
1246,Tier 1,Executive,Metro,"45,023.00",2,39,28,"65,800.20"
1247,Tier 1,Executive,Non-Metro,"52,364.00",3,77,45,"65,458.44"
1248,Tier 1,Executive,Metro,"55,788.00",3,70,33,"79,389.33"
1249,Tier 2,Executive,Non-Metro,"69,032.00",4,46,18,"56,675.95"
1250,Tier 1,Manager,Metro,"59,439.00",1,77,32,"1,08,591.11"
1251,Tier 1,Manager,Metro,"53,547.00",3,82,24,"88,400.48"
1252,Tier 1,Executive,Metro,"40,996.00",3,37,19,"74,415.20"
1253,Tier 1,Manager,Metro,"48,796.00",4,85,20,"77,569.74"
1254,Tier 1,Executive,Non-Metro,"56,829.00",4,74,40,"81,195.86"
1255,Tier 2,Executive,Non-Metro,"54,748.00",1,68,34,"69,403.41"
1256,Tier 1,Executive,Non-Metro,"60,337.00",1,37,42,"71,376.42"
1257,Tier 3,Executive,Non-Metro,"59,176.00",3,35,51,"67,273.98"
1258,Tier 3,Executive,Non-Metro,"55,672.00",1,43,54,"71,726.71"
1259,Tier 3,Executive,Metro,"63,448.00",2,76,55,"94,510.73"
1260,Tier 1,Executive,Non-Metro,"50,429.00",2,41,52,"75,993.47"
1261,Tier 1,Executive,Non-Metro,"41,989.00",4,48,32,"62,216.45"
1262,Tier 1,Executive,Metro,"63,087.00",1,66,28,"70,052.79"
1263,Tier 2,Executive,Non-Metro,"50,400.00",4,76,41,"62,229.29"
1264,Tier 1,Executive,Non-Metro,"50,106.00",2,66,43,"71,532.81"
1265,Tier 1,Executive,Non-Metro,"59,860.00",2,54,49,"78,562.35"
1266,Tier 2,Manager,Metro,"44,965.00",2,77,64,"83,414.05"
1267,Tier 1,Executive,Non-Metro,"55,558.00",4,68,55,"66,632.83"
1268,Tier 1,Manager,Metro,"57,337.00",3,76,24,"88,044.35"
1269,Tier 1,Executive,Non-Metro,"55,210.00",1,80,20,"62,180.74"
1270,Tier 1,Executive,Metro,"51,416.00",1,84,45,"73,874.70"
1271,Tier 3,Executive,Metro,"55,875.00",4,76,26,"67,488.08"
1272,Tier 3,Executive,Non-Metro,"58,333.00",1,38,25,"66,935.07"
1273,Tier 2,Executive,Metro,"46,631.00",2,56,43,"69,919.87"
1274,Tier 2,Executive,Metro,"47,633.00",2,62,35,"63,618.80"
1275,Tier 2,Manager,Metro,"47,460.00",4,82,26,"74,837.72"
1276,Tier 1,Executive,Metro,"50,315.00",2,46,57,"77,795.34"
1277,Tier 1,Executive,Non-Metro,"54,384.00",1,76,22,"74,948.17"
1278,Tier 3,Executive,Non-Metro,"59,354.00",4,72,32,"60,200.18"
1279,Tier 1,Manager,Metro,"52,881.00",3,57,39,"87,630.95"
1280,Tier 3,Executive,Non-Metro,"56,763.00",3,38,25,"58,983.46"
1281,Tier 2,Executive,Non-Metro,"61,870.00",1,42,48,"65,467.76"
1282,Tier 3,Manager,Non-Metro,"55,180.00",2,73,47,"79,153.15"
1283,Tier 1,Manager,Non-Metro,"50,723.00",1,59,18,"80,841.08"
1284,Tier 2,Executive,Metro,"53,125.00",1,42,18,"60,333.57"
1285,Tier 1,Manager,Metro,"65,519.00",3,55,61,"1,17,307.70"
1286,Tier 1,Executive,Non-Metro,"54,005.00",1,78,47,"72,128.86"
1287,Tier 1,Executive,Non-Metro,"41,862.00",2,41,28,"65,494.51"
1288,Tier 1,Executive,Non-Metro,"52,694.00",1,36,36,"68,185.43"
1289,Tier 1,Manager,Metro,"66,148.00",2,41,20,"1,11,739.65"
1290,Tier 2,Executive,Metro,"64,193.00",1,78,44,"75,081.97"
1291,Tier 1,Executive,Non-Metro,"44,023.00",3,53,38,"62,231.54"
1292,Tier 1,Manager,Metro,"62,788.00",4,55,19,"89,010.90"
1293,Tier 2,Executive,Metro,"52,880.00",1,64,21,"60,310.88"
1294,Tier 3,Executive,Metro,"47,404.00",4,66,46,"68,071.37"
1295,Tier 1,Executive,Metro,"53,042.00",3,83,58,"84,687.72"
1296,Tier 1,Executive,Metro,"50,887.00",4,37,20,"63,597.09"
1297,Tier 1,Executive,Metro,"52,604.00",3,82,18,"75,098.22"
1298,Tier 2,Executive,Non-Metro,"53,239.00",4,78,28,"67,381.61"
1299,Tier 3,Executive,Metro,"51,444.00",2,42,33,"67,500.55"
1300,Tier 3,Executive,Non-Metro,"54,855.00",3,53,19,"60,631.23"
1301,Tier 2,Manager,Metro,"59,883.00",4,40,45,"1,19,585.49"
1302,Tier 3,Manager,Metro,"58,204.00",4,36,62,"1,01,108.86"
1303,Tier 1,Executive,Non-Metro,"50,670.00",1,41,25,"68,130.72"
1304,Tier 1,Manager,Metro,"53,045.00",3,47,43,"1,05,077.70"
1305,Tier 1,Manager,Metro,"47,753.00",4,73,42,"90,597.18"
1306,Tier 2,Executive,Non-Metro,"49,240.00",2,67,24,"60,020.13"
1307,Tier 1,Manager,Non-Metro,"47,842.00",1,77,29,"83,103.77"
1308,Tier 3,Manager,Metro,"49,427.00",1,82,32,"86,755.79"
1309,Tier 1,Manager,Non-Metro,"54,876.00",3,82,25,"90,608.41"
1310,Tier 1,Executive,Metro,"55,179.00",4,54,41,"72,895.67"
1311,Tier 3,Executive,Metro,"47,650.00",2,49,42,"72,634.98"
1312,Tier 3,Executive,Non-Metro,"52,669.00",2,84,33,"66,633.06"
1313,Tier 1,Executive,Metro,"64,069.00",2,40,34,"76,812.81"
1314,Tier 1,Manager,Non-Metro,"56,004.00",1,69,19,"92,433.88"
1315,Tier 3,Manager,Non-Metro,"46,000.00",4,64,30,"63,148.62"
1316,Tier 1,Executive,Metro,"50,518.00",3,75,18,"82,046.23"
1317,Tier 1,Executive,Non-Metro,"50,130.00",2,40,19,"54,356.95"
1318,Tier 2,Executive,Metro,"76,070.00",2,54,18,"58,309.56"
1319,Tier 1,Executive,Metro,"60,495.00",3,47,35,"84,676.05"
1320,Tier 3,Executive,Non-Metro,"50,935.00",2,67,39,"66,054.39"
1321,Tier 3,Executive,Metro,"60,109.00",2,47,31,"61,396.48"
1322,Tier 1,Manager,Metro,"55,145.00",4,38,62,"82,190.52"
1323,Tier 2,Executive,Metro,"62,619.00",1,77,62,"71,767.67"
1324,Tier 2,Manager,Non-Metro,"61,299.00",4,72,42,"1,03,103.64"
1325,Tier 3,Executive,Metro,"47,058.00",4,53,31,"62,076.85"
1326,Tier 1,Executive,Metro,"59,344.00",1,64,61,"84,601.54"
1327,Tier 1,Executive,Non-Metro,"61,239.00",4,85,42,"69,545.88"
1328,Tier 2,Executive,Metro,"57,311.00",3,54,51,"66,931.93"
1329,Tier 1,Executive,Non-Metro,"47,080.00",4,66,23,"84,688.33"
1330,Tier 1,Executive,Metro,"59,189.00",4,45,52,"82,670.85"
1331,Tier 2,Executive,Non-Metro,"46,452.00",4,83,57,"70,993.97"
1332,Tier 1,Executive,Non-Metro,"58,254.00",4,42,23,"73,463.16"
1333,Tier 1,Executive,Non-Metro,"72,649.00",3,69,52,"78,861.46"
1334,Tier 3,Executive,Metro,"59,661.00",4,68,50,"69,712.40"
1335,Tier 1,Executive,Non-Metro,"53,714.00",1,67,18,"69,298.75"
1336,Tier 2,Executive,Non-Metro,"61,957.00",1,47,18,"66,397.77"
1337,Tier 1,Executive,Non-Metro,"53,203.00",3,69,21,"64,044.38"
1338,Tier 3,Manager,Non-Metro,"51,820.00",1,47,61,"83,346.06"
